bun test v1.3.14 (0d9b296a)

tests/brands-portal.test.ts:
 5 | 
 6 | describe('brand keymap portal', () => {
 7 |   test('registry artifact exposes glossary, governance, and project adoption', async () => {
 8 |     const payload = await Bun.file('public/registry/brand-keymap.json').json();
 9 | 
10 |     expect(payload).toMatchObject({
                         ^
error: expect(received).toMatchObject(expected)

  {
+   "brands": [
+     {
+       "color": "#58a6ff",
+       "colorKey": "accent",
+       "constructors": {
+         "as": "asSessionId",
+         "parse": "parseSessionId",
+         "try": "trySessionId",
+       },
+       "coverage": {
+         "constructors": {
+           "as": 8,
+           "parse": 1,
+           "try": 0,
+         },
+         "files": [
+           "lib/core/fw-types.ts",
+           "lib/core/structured-logger.ts",
+           "lib/identity/identity.ts",
+           "lib/identity/impersonate.ts",
+           "lib/security/secret-audit-logger.ts",
+           "lib/security/zero-trust-manager.ts",
+           "projects/active/factorywager/registry/packages/dev-dashboard/src/api/routes.ts",
+           "tools/codex-thread-portfolio.ts",
+         ],
+         "guards": 0,
+         "references": 27,
+         "scopes": {
+           "projects": {
+             "constructionCalls": 0,
+             "files": [
+               "projects/active/factorywager/registry/packages/dev-dashboard/src/api/routes.ts",
+             ],
+             "guardCalls": 0,
+             "references": 2,
+             "status": "referenced-unconstructed",
+           },
+           "spine": {
+             "constructionCalls": 9,
+             "files": [
+               "lib/core/fw-types.ts",
+               "lib/core/structured-logger.ts",
+               "lib/identity/identity.ts",
+               "lib/identity/impersonate.ts",
+               "lib/security/secret-audit-logger.ts",
+               "lib/security/zero-trust-manager.ts",
+               "tools/codex-thread-portfolio.ts",
+             ],
+             "guardCalls": 0,
+             "references": 25,
+             "status": "covered",
+           },
+         },
+         "status": "covered",
+       },
+       "description": "Interactive terminal / agent session identity",
+       "domain": "session",
+       "envName": "SESSION_ID",
+       "glossaryConcepts": [],
+       "guard": "BRAND_GUARDS.isSessionId",
+       "kind": "id",
+       "mint": [
+         "system-internal",
+         "user-input",
+         "wire-input",
+       ],
+       "module": "lib/types/branded/session.ts",
+       "name": "SessionId",
+       "shortName": "sessionId",
+       "tiers": [
+         "as",
+         "try",
+         "parse",
+       ],
+       "tone": "info",
+       "validation": {
+         "ingressNormalization": "trim",
+         "shape": "nonblank",
+       },
+     },
+     {
+       "color": "#58a6ff",
+       "colorKey": "accent",
+       "constructors": {
+         "as": "asTerminalId",
+         "parse": "parseTerminalId",
+         "try": "tryTerminalId",
+       },
+       "coverage": {
+         "constructors": {
+           "as": 0,
+           "parse": 0,
+           "try": 0,
+         },
+         "files": [],
+         "guards": 0,
+         "references": 0,
+         "scopes": {
+           "projects": {
+             "constructionCalls": 0,
+             "files": [],
+             "guardCalls": 0,
+             "references": 0,
+             "status": "unused",
+           },
+           "spine": {
+             "constructionCalls": 0,
+             "files": [],
+             "guardCalls": 0,
+             "references": 0,
+             "status": "unused",
+           },
+         },
+         "status": "unused",
+       },
+       "description": "PTY / terminal instance identity",
+       "domain": "session",
+       "envName": "TERMINAL_ID",
+       "glossaryConcepts": [],
+       "guard": "BRAND_GUARDS.isTerminalId",
+       "kind": "id",
+       "mint": [
+         "system-internal",
+         "wire-input",
+       ],
+       "module": "lib/types/branded/session.ts",
+       "name": "TerminalId",
+       "shortName": "terminalId",
+       "tiers": [
+         "as",
+         "try",
+         "parse",
+       ],
+       "tone": "info",
+       "validation": {
+         "ingressNormalization": "trim",
+         "shape": "nonblank",
+       },
+     },
+     {
+       "color": "#58a6ff",
+       "colorKey": "accent",
+       "constructors": {
+         "as": "asRequestId",
+         "parse": "parseRequestId",
+         "try": "tryRequestId",
+       },
+       "coverage": {
+         "constructors": {
+           "as": 1,
+           "parse": 1,
+           "try": 0,
+         },
+         "files": [
+           "projects/active/sports-terminal-os/src/middleware/security.ts",
+         ],
+         "guards": 0,
+         "references": 6,
+         "scopes": {
+           "projects": {
+             "constructionCalls": 2,
+             "files": [
+               "projects/active/sports-terminal-os/src/middleware/security.ts",
+             ],
+             "guardCalls": 0,
+             "references": 6,
+             "status": "covered",
+           },
+           "spine": {
+             "constructionCalls": 0,
+             "files": [],
+             "guardCalls": 0,
+             "references": 0,
+             "status": "unused",
+           },
+         },
+         "status": "covered",
+       },
+       "description": "HTTP or RPC request correlation handle",
+       "domain": "session",
+       "envName": "REQUEST_ID",
+       "glossaryConcepts": [],
+       "guard": "BRAND_GUARDS.isRequestId",
+       "kind": "id",
+       "mint": [
+         "system-internal",
+         "wire-input",
+       ],
+       "module": "lib/types/branded/session.ts",
+       "name": "RequestId",
+       "shortName": "requestId",
+       "tiers": [
+         "as",
+         "try",
+         "parse",
+       ],
+       "tone": "info",
+       "validation": {
+         "ingressNormalization": "trim",
+         "shape": "nonblank",
+       },
+     },
+     {
+       "color": "#58a6ff",
+       "colorKey": "accent",
+       "constructors": {
+         "as": "asCorrelationId",
+         "parse": "parseCorrelationId",
+         "try": "tryCorrelationId",
+       },
+       "coverage": {
+         "constructors": {
+           "as": 4,
+           "parse": 0,
+           "try": 0,
+         },
+         "files": [
+           "lib/ai/ai-operations-manager.ts",
+           "lib/concept-registry/schema.ts",
+           "lib/core/structured-logger.ts",
+           "lib/docs/bun-brand-usages.ts",
+           "lib/verification/pages-edge-weave.ts",
+           "tools/concept-inventory.ts",
+         ],
+         "guards": 0,
+         "references": 23,
+         "scopes": {
+           "projects": {
+             "constructionCalls": 0,
+             "files": [],
+             "guardCalls": 0,
+             "references": 0,
+             "status": "unused",
+           },
+           "spine": {
+             "constructionCalls": 4,
+             "files": [
+               "lib/ai/ai-operations-manager.ts",
+               "lib/concept-registry/schema.ts",
+               "lib/core/structured-logger.ts",
+               "lib/docs/bun-brand-usages.ts",
+               "lib/verification/pages-edge-weave.ts",
+               "tools/concept-inventory.ts",
+             ],
+             "guardCalls": 0,
+             "references": 23,
+             "status": "covered",
+           },
+         },
+         "status": "covered",
+       },
+       "description": "Cross-service distributed trace correlation",
+       "domain": "session",
+       "envName": "CORRELATION_ID",
+       "glossaryConcepts": [],
+       "guard": "BRAND_GUARDS.isCorrelationId",
+       "kind": "id",
+       "mint": [
+         "system-internal",
+         "wire-input",
+       ],
+       "module": "lib/types/branded/session.ts",
+       "name": "CorrelationId",
+       "shortName": "correlationId",
+       "tiers": [
+         "as",
+         "try",
+         "parse",
+       ],
+       "tone": "info",
+       "validation": {
+         "ingressNormalization": "trim",
+         "shape": "nonblank",
+       },
+     },
+     {
+       "color": "#58a6ff",
+       "colorKey": "accent",
+       "constructors": {
+         "as": "asSnapshotId",
+         "parse": "parseSnapshotId",
+         "try": "trySnapshotId",
+       },
+       "coverage": {
+         "constructors": {
+           "as": 0,
+           "parse": 0,
+           "try": 0,
+         },
+         "files": [],
+         "guards": 0,
+         "references": 0,
+         "scopes": {
+           "projects": {
+             "constructionCalls": 0,
+             "files": [],
+             "guardCalls": 0,
+             "references": 0,
+             "status": "unused",
+           },
+           "spine": {
+             "constructionCalls": 0,
+             "files": [],
+             "guardCalls": 0,
+             "references": 0,
+             "status": "unused",
+           },
+         },
+         "status": "unused",
+       },
+       "description": "Point-in-time state snapshot identity",
+       "domain": "session",
+       "envName": "SNAPSHOT_ID",
+       "glossaryConcepts": [],
+       "guard": "BRAND_GUARDS.isSnapshotId",
+       "kind": "id",
+       "mint": [
+         "system-internal",
+         "wire-input",
+       ],
+       "module": "lib/types/branded/session.ts",
+       "name": "SnapshotId",
+       "shortName": "snapshotId",
+       "tiers": [
+         "as",
+         "try",
+         "parse",
+       ],
+       "tone": "info",
+       "validation": {
+         "ingressNormalization": "trim",
+         "shape": "nonblank",
+       },
+     },
+     {
+       "color": "#a371f7",
+       "colorKey": "purple",
+       "constructors": {
+         "as": "asUserId",
+         "parse": "parseUserId",
+         "try": "tryUserId",
+       },
+       "coverage": {
+         "constructors": {
+           "as": 0,
+           "parse": 0,
+           "try": 0,
+         },
+         "files": [
+           "lib/core/structured-logger.ts",
+           "lib/mcp/r2-integration-fixed.ts",
+           "lib/security/secret-audit-logger.ts",
+           "projects/active/factorywager/registry/packages/dev-dashboard/src/api/routes.ts",
+         ],
+         "guards": 0,
+         "references": 8,
+         "scopes": {
+           "projects": {
+             "constructionCalls": 0,
+             "files": [
+               "projects/active/factorywager/registry/packages/dev-dashboard/src/api/routes.ts",
+             ],
+             "guardCalls": 0,
+             "references": 1,
+             "status": "referenced-unconstructed",
+           },
+           "spine": {
+             "constructionCalls": 0,
+             "files": [
+               "lib/core/structured-logger.ts",
+               "lib/mcp/r2-integration-fixed.ts",
+               "lib/security/secret-audit-logger.ts",
+             ],
+             "guardCalls": 0,
+             "references": 7,
+             "status": "referenced-unconstructed",
+           },
+         },
+         "status": "referenced-unconstructed",
+       },
+       "description": "Human or agent principal identity",
+       "domain": "identity",
+       "envName": "USER_ID",
+       "glossaryConcepts": [],
+       "guard": "BRAND_GUARDS.isUserId",
+       "kind": "id",
+       "mint": [
+         "user-input",
+         "wire-input",
+         "system-internal",
+       ],
+       "module": "lib/types/branded/identity.ts",
+       "name": "UserId",
+       "shortName": "userId",
+       "tiers": [
+         "as",
+         "try",
+         "parse",
+       ],
+       "tone": "info",
+       "validation": {
+         "ingressNormalization": "trim",
+         "shape": "nonblank",
+       },
+     },
+     {
+       "color": "#a371f7",
+       "colorKey": "purple",
+       "constructors": {
+         "as": "asAccountId",
+         "parse": "parseAccountId",
+         "try": "tryAccountId",
+       },
+       "coverage": {
+         "constructors": {
+           "as": 7,
+           "parse": 0,
+           "try": 2,
+         },
+         "files": [
+           "lib/mcp/cloudflare-domain-manager.ts",
+           "lib/mcp/domain-integration.ts",
+           "lib/mcp/r2-integration-fixed.ts",
+           "lib/r2/r2-storage-enhanced.ts",
+           "lib/security/infra-secrets.ts",
+           "lib/security/r2-credentials.ts",
+           "lib/verification/cloudflare-access-live.ts",
+           "lib/verification/cloudflare-access-token.ts",
+           "lib/verification/cloudflare-token-scope.ts",
+           "lib/verification/proof-consistency.ts",
+           "lib/verification/proof-taxonomy.ts",
+         ],
+         "guards": 0,
+         "references": 29,
+         "scopes": {
+           "projects": {
+             "constructionCalls": 0,
+             "files": [],
+             "guardCalls": 0,
+             "references": 0,
+             "status": "unused",
+           },
+           "spine": {
+             "constructionCalls": 9,
+             "files": [
+               "lib/mcp/cloudflare-domain-manager.ts",
+               "lib/mcp/domain-integration.ts",
+               "lib/mcp/r2-integration-fixed.ts",
+               "lib/r2/r2-storage-enhanced.ts",
+               "lib/security/infra-secrets.ts",
+               "lib/security/r2-credentials.ts",
+               "lib/verification/cloudflare-access-live.ts",
+               "lib/verification/cloudflare-access-token.ts",
+               "lib/verification/cloudflare-token-scope.ts",
+               "lib/verification/proof-consistency.ts",
+               "lib/verification/proof-taxonomy.ts",
+             ],
+             "guardCalls": 0,
+             "references": 29,
+             "status": "covered",
+           },
+         },
+         "status": "covered",
+       },
+       "description": "Cloud account (e.g. Cloudflare/R2 account) — env/wire only, never empty forge",
+       "domain": "identity",
+       "envName": "ACCOUNT_ID",
+       "glossaryConcepts": [],
+       "guard": "BRAND_GUARDS.isAccountId",
+       "kind": "id",
+       "mint": [
+         "wire-input",
+         "user-input",
+       ],
+       "module": "lib/types/branded/identity.ts",
+       "name": "AccountId",
+       "shortName": "accountId",
+       "tiers": [
+         "as",
+         "try",
+         "parse",
+       ],
+       "tone": "info",
+       "validation": {
+         "ingressNormalization": "trim",
+         "shape": "nonblank",
+       },
+     },
+     {
+       "color": "#a371f7",
+       "colorKey": "purple",
+       "constructors": {
+         "as": "asIdentityId",
+         "parse": "parseIdentityId",
+         "try": "tryIdentityId",
+       },
+       "coverage": {
+         "constructors": {
+           "as": 5,
+           "parse": 0,
+           "try": 0,
+         },
+         "files": [
+           "lib/docs/bun-brand-usages.ts",
+           "lib/identity/identity.ts",
+           "lib/identity/timeline.ts",
+           "lib/security/zero-trust-manager.ts",
+         ],
+         "guards": 0,
+         "references": 16,
+         "scopes": {
+           "projects": {
+             "constructionCalls": 0,
+             "files": [],
+             "guardCalls": 0,
+             "references": 0,
+             "status": "unused",
+           },
+           "spine": {
+             "constructionCalls": 5,
+             "files": [
+               "lib/docs/bun-brand-usages.ts",
+               "lib/identity/identity.ts",
+               "lib/identity/timeline.ts",
+               "lib/security/zero-trust-manager.ts",
+             ],
+             "guardCalls": 0,
+             "references": 16,
+             "status": "covered",
+           },
+         },
+         "status": "covered",
+       },
+       "description": "Zero-trust / federated identity record",
+       "domain": "identity",
+       "envName": "IDENTITY_ID",
+       "glossaryConcepts": [],
+       "guard": "BRAND_GUARDS.isIdentityId",
+       "kind": "id",
+       "mint": [
+         "system-internal",
+         "wire-input",
+       ],
+       "module": "lib/types/branded/identity.ts",
+       "name": "IdentityId",
+       "shortName": "identityId",
+       "tiers": [
+         "as",
+         "try",
+         "parse",
+       ],
+       "tone": "info",
+       "validation": {
+         "ingressNormalization": "trim",
+         "shape": "nonblank",
+       },
+     },
+     {
+       "color": "#a371f7",
+       "colorKey": "purple",
+       "constructors": {
+         "as": "asOidcClientId",
+         "parse": "parseOidcClientId",
+         "try": "tryOidcClientId",
+       },
+       "coverage": {
+         "constructors": {
+           "as": 0,
+           "parse": 0,
+           "try": 0,
+         },
+         "files": [
+           "lib/auth/oidc.ts",
+         ],
+         "guards": 0,
+         "references": 4,
+         "scopes": {
+           "projects": {
+             "constructionCalls": 0,
+             "files": [],
+             "guardCalls": 0,
+             "references": 0,
+             "status": "unused",
+           },
+           "spine": {
+             "constructionCalls": 0,
+             "files": [
+               "lib/auth/oidc.ts",
+             ],
+             "guardCalls": 0,
+             "references": 4,
+             "status": "referenced-unconstructed",
+           },
+         },
+         "status": "referenced-unconstructed",
+       },
+       "description": "OIDC relying-party client identifier parsed from deployment configuration",
+       "domain": "identity",
+       "envName": "OIDC_CLIENT_ID",
+       "glossaryConcepts": [],
+       "guard": "BRAND_GUARDS.isOidcClientId",
+       "kind": "id",
+       "mint": [
+         "wire-input",
+       ],
+       "module": "lib/types/branded/identity.ts",
+       "name": "OidcClientId",
+       "shortName": "oidcClientId",
+       "tiers": [
+         "as",
+         "try",
+         "parse",
+       ],
+       "tone": "info",
+       "validation": {
+         "ingressNormalization": "trim",
+         "shape": "nonblank",
+       },
+     },
+     {
+       "color": "#a371f7",
+       "colorKey": "purple",
+       "constructors": {
+         "as": "asAccessKeyId",
+         "parse": "parseAccessKeyId",
+         "try": "tryAccessKeyId",
+       },
+       "coverage": {
+         "constructors": {
+           "as": 1,
+           "parse": 0,
+           "try": 2,
+         },
+         "files": [
+           "lib/factory/object-store.ts",
+           "lib/mcp/r2-integration-fixed.ts",
+           "lib/r2/r2-storage-enhanced.ts",
+           "lib/security/infra-secrets.ts",
+           "lib/security/r2-credentials.ts",
+         ],
+         "guards": 0,
+         "references": 12,
+         "scopes": {
+           "projects": {
+             "constructionCalls": 0,
+             "files": [],
+             "guardCalls": 0,
+             "references": 0,
+             "status": "unused",
+           },
+           "spine": {
+             "constructionCalls": 3,
+             "files": [
+               "lib/factory/object-store.ts",
+               "lib/mcp/r2-integration-fixed.ts",
+               "lib/r2/r2-storage-enhanced.ts",
+               "lib/security/infra-secrets.ts",
+               "lib/security/r2-credentials.ts",
+             ],
+             "guardCalls": 0,
+             "references": 12,
+             "status": "covered",
+           },
+         },
+         "status": "covered",
+       },
+       "description": "S3/R2 access key id (not the secret material)",
+       "domain": "identity",
+       "envName": "ACCESS_KEY_ID",
+       "glossaryConcepts": [],
+       "guard": "BRAND_GUARDS.isAccessKeyId",
+       "kind": "id",
+       "mint": [
+         "wire-input",
+         "system-internal",
+       ],
+       "module": "lib/types/branded/identity.ts",
+       "name": "AccessKeyId",
+       "shortName": "accessKeyId",
+       "tiers": [
+         "as",
+         "try",
+         "parse",
+       ],
+       "tone": "info",
+       "validation": {
+         "ingressNormalization": "trim",
+         "shape": "nonblank",
+       },
+     },
+     {
+       "color": "#a371f7",
+       "colorKey": "purple",
+       "constructors": {
+         "as": "asTokenId",
+         "parse": "parseTokenId",
+         "try": "tryTokenId",
+       },
+       "coverage": {
+         "constructors": {
+           "as": 10,
+           "parse": 0,
+           "try": 0,
+         },
+         "files": [
+           "lib/docs/bun-brand-usages.ts",
+           "lib/identity/http.ts",
+           "lib/identity/identity.ts",
+           "lib/identity/impersonate.ts",
+           "lib/identity/self-service.ts",
+         ],
+         "guards": 0,
+         "references": 16,
+         "scopes": {
+           "projects": {
+             "constructionCalls": 0,
+             "files": [],
+             "guardCalls": 0,
+             "references": 0,
+             "status": "unused",
+           },
+           "spine": {
+             "constructionCalls": 10,
+             "files": [
+               "lib/docs/bun-brand-usages.ts",
+               "lib/identity/http.ts",
+               "lib/identity/identity.ts",
+               "lib/identity/impersonate.ts",
+               "lib/identity/self-service.ts",
+             ],
+             "guardCalls": 0,
+             "references": 16,
+             "status": "covered",
+           },
+         },
+         "status": "covered",
+       },
+       "description": "Opaque token handle (not the token secret)",
+       "domain": "identity",
+       "envName": "TOKEN_ID",
+       "glossaryConcepts": [],
+       "guard": "BRAND_GUARDS.isTokenId",
+       "kind": "id",
+       "mint": [
+         "system-internal",
+         "wire-input",
+       ],
+       "module": "lib/types/branded/identity.ts",
+       "name": "TokenId",
+       "shortName": "tokenId",
+       "tiers": [
+         "as",
+         "try",
+         "parse",
+       ],
+       "tone": "info",
+       "validation": {
+         "ingressNormalization": "trim",
+         "shape": "nonblank",
+       },
+     },
+     {
+       "color": "#3fb950",
+       "colorKey": "green",
+       "constructors": {
+         "as": "asDocumentId",
+         "parse": "parseDocumentId",
+         "try": "tryDocumentId",
+       },
+       "coverage": {
+         "constructors": {
+           "as": 0,
+           "parse": 0,
+           "try": 0,
+         },
+         "files": [],
+         "guards": 0,
+         "references": 0,
+         "scopes": {
+           "projects": {
+             "constructionCalls": 0,
+             "files": [],
+             "guardCalls": 0,
+             "references": 0,
+             "status": "unused",
+           },
+           "spine": {
+             "constructionCalls": 0,
+             "files": [],
+             "guardCalls": 0,
+             "references": 0,
+             "status": "unused",
+           },
+         },
+         "status": "unused",
+       },
+       "description": "Wiki / collab document identity",
+       "domain": "documents",
+       "envName": "DOCUMENT_ID",
+       "glossaryConcepts": [],
+       "guard": "BRAND_GUARDS.isDocumentId",
+       "kind": "id",
+       "mint": [
+         "system-internal",
+         "wire-input",
+       ],
+       "module": "lib/types/branded/documents.ts",
+       "name": "DocumentId",
+       "shortName": "documentId",
+       "tiers": [
+         "as",
+         "try",
+         "parse",
+       ],
+       "tone": "ok",
+       "validation": {
+         "ingressNormalization": "trim",
+         "shape": "nonblank",
+       },
+     },
+     {
+       "color": "#3fb950",
+       "colorKey": "green",
+       "constructors": {
+         "as": "asZoneId",
+         "parse": "parseZoneId",
+         "try": "tryZoneId",
+       },
+       "coverage": {
+         "constructors": {
+           "as": 2,
+           "parse": 1,
+           "try": 0,
+         },
+         "files": [
+           "lib/mcp/cloudflare-domain-manager.ts",
+           "lib/verification/cloudflare-token-scope.ts",
+         ],
+         "guards": 0,
+         "references": 4,
+         "scopes": {
+           "projects": {
+             "constructionCalls": 0,
+             "files": [],
+             "guardCalls": 0,
+             "references": 0,
+             "status": "unused",
+           },
+           "spine": {
+             "constructionCalls": 3,
+             "files": [
+               "lib/mcp/cloudflare-domain-manager.ts",
+               "lib/verification/cloudflare-token-scope.ts",
+             ],
+             "guardCalls": 0,
+             "references": 4,
+             "status": "covered",
+           },
+         },
+         "status": "covered",
+       },
+       "description": "DNS / Cloudflare zone — mint from wire via parseZoneId",
+       "domain": "documents",
+       "envName": "ZONE_ID",
+       "glossaryConcepts": [],
+       "guard": "BRAND_GUARDS.isZoneId",
+       "kind": "id",
+       "mint": [
+         "wire-input",
+       ],
+       "module": "lib/types/branded/documents.ts",
+       "name": "ZoneId",
+       "shortName": "zoneId",
+       "tiers": [
+         "as",
+         "try",
+         "parse",
+       ],
+       "tone": "ok",
+       "validation": {
+         "ingressNormalization": "trim",
+         "shape": "nonblank",
+       },
+     },
+     {
+       "color": "#3fb950",
+       "colorKey": "green",
+       "constructors": {
+         "as": "asDocTokenId",
+         "parse": "parseDocTokenId",
+         "try": "tryDocTokenId",
+       },
+       "coverage": {
+         "constructors": {
+           "as": 41,
+           "parse": 0,
+           "try": 0,
+         },
+         "files": [
+           "lib/docs/bun-brand-contract.ts",
+           "lib/docs/bun-brand-usages.ts",
+           "lib/docs/token-ref-adapter.ts",
+           "lib/docs/token-ref.ts",
+         ],
+         "guards": 0,
+         "references": 4,
+         "scopes": {
+           "projects": {
+             "constructionCalls": 0,
+             "files": [],
+             "guardCalls": 0,
+             "references": 0,
+             "status": "unused",
+           },
+           "spine": {
+             "constructionCalls": 41,
+             "files": [
+               "lib/docs/bun-brand-contract.ts",
+               "lib/docs/bun-brand-usages.ts",
+               "lib/docs/token-ref-adapter.ts",
+               "lib/docs/token-ref.ts",
+             ],
+             "guardCalls": 0,
+             "references": 4,
+             "status": "covered",
+           },
+         },
+         "status": "covered",
+       },
+       "description": "Bun documentation token identity (catalog / TokenRef northstar)",
+       "domain": "documents",
+       "envName": "DOC_TOKEN_ID",
+       "glossaryConcepts": [],
+       "guard": "BRAND_GUARDS.isDocTokenId",
+       "kind": "id",
+       "mint": [
+         "wire-input",
+         "system-internal",
+       ],
+       "module": "lib/types/branded/documents.ts",
+       "name": "DocTokenId",
+       "shortName": "docTokenId",
+       "tiers": [
+         "as",
+         "try",
+         "parse",
+       ],
+       "tone": "ok",
+       "validation": {
+         "ingressNormalization": "trim",
+         "shape": "nonblank",
+       },
+     },
+     {
+       "color": "#f85149",
+       "colorKey": "red",
+       "constructors": {
+         "as": "asChallengeId",
+         "parse": "parseChallengeId",
+         "try": "tryChallengeId",
+       },
+       "coverage": {
+         "constructors": {
+           "as": 2,
+           "parse": 0,
+           "try": 0,
+         },
+         "files": [
+           "lib/security/zero-trust-manager.ts",
+         ],
+         "guards": 0,
+         "references": 4,
+         "scopes": {
+           "projects": {
+             "constructionCalls": 0,
+             "files": [],
+             "guardCalls": 0,
+             "references": 0,
+             "status": "unused",
+           },
+           "spine": {
+             "constructionCalls": 2,
+             "files": [
+               "lib/security/zero-trust-manager.ts",
+             ],
+             "guardCalls": 0,
+             "references": 4,
+             "status": "covered",
+           },
+         },
+         "status": "covered",
+       },
+       "description": "Auth challenge / proof-of-possession handle",
+       "domain": "security",
+       "envName": "CHALLENGE_ID",
+       "glossaryConcepts": [],
+       "guard": "BRAND_GUARDS.isChallengeId",
+       "kind": "id",
+       "mint": [
+         "system-internal",
+         "wire-input",
+       ],
+       "module": "lib/types/branded/security.ts",
+       "name": "ChallengeId",
+       "shortName": "challengeId",
+       "tiers": [
+         "as",
+         "try",
+         "parse",
+       ],
+       "tone": "bad",
+       "validation": {
+         "ingressNormalization": "trim",
+         "shape": "nonblank",
+       },
+     },
+     {
+       "color": "#f85149",
+       "colorKey": "red",
+       "constructors": {
+         "as": "asPolicyId",
+         "parse": "parsePolicyId",
+         "try": "tryPolicyId",
+       },
+       "coverage": {
+         "constructors": {
+           "as": 6,
+           "parse": 0,
+           "try": 0,
+         },
+         "files": [
+           "lib/security/zero-trust-manager.ts",
+         ],
+         "guards": 0,
+         "references": 5,
+         "scopes": {
+           "projects": {
+             "constructionCalls": 0,
+             "files": [],
+             "guardCalls": 0,
+             "references": 0,
+             "status": "unused",
+           },
+           "spine": {
+             "constructionCalls": 6,
+             "files": [
+               "lib/security/zero-trust-manager.ts",
+             ],
+             "guardCalls": 0,
+             "references": 5,
+             "status": "covered",
+           },
+         },
+         "status": "covered",
+       },
+       "description": "Access policy identity",
+       "domain": "security",
+       "envName": "POLICY_ID",
+       "glossaryConcepts": [],
+       "guard": "BRAND_GUARDS.isPolicyId",
+       "kind": "id",
+       "mint": [
+         "system-internal",
+         "wire-input",
+       ],
+       "module": "lib/types/branded/security.ts",
+       "name": "PolicyId",
+       "shortName": "policyId",
+       "tiers": [
+         "as",
+         "try",
+         "parse",
+       ],
+       "tone": "bad",
+       "validation": {
+         "ingressNormalization": "trim",
+         "shape": "nonblank",
+       },
+     },
+     {
+       "color": "#d29922",
+       "colorKey": "yellow",
+       "constructors": {
+         "as": "asDeploymentId",
+         "parse": "parseDeploymentId",
+         "try": "tryDeploymentId",
+       },
+       "coverage": {
+         "constructors": {
+           "as": 0,
+           "parse": 0,
+           "try": 0,
+         },
+         "files": [],
+         "guards": 0,
+         "references": 0,
+         "scopes": {
+           "projects": {
+             "constructionCalls": 0,
+             "files": [],
+             "guardCalls": 0,
+             "references": 0,
+             "status": "unused",
+           },
+           "spine": {
+             "constructionCalls": 0,
+             "files": [],
+             "guardCalls": 0,
+             "references": 0,
+             "status": "unused",
+           },
+         },
+         "status": "unused",
+       },
+       "description": "Release / deployment instance identity",
+       "domain": "deployment",
+       "envName": "DEPLOYMENT_ID",
+       "glossaryConcepts": [],
+       "guard": "BRAND_GUARDS.isDeploymentId",
+       "kind": "id",
+       "mint": [
+         "system-internal",
+         "wire-input",
+       ],
+       "module": "lib/types/branded/deployment.ts",
+       "name": "DeploymentId",
+       "shortName": "deploymentId",
+       "tiers": [
+         "as",
+         "try",
+         "parse",
+       ],
+       "tone": "warn",
+       "validation": {
+         "ingressNormalization": "trim",
+         "shape": "nonblank",
+       },
+     },
+     {
+       "color": "#f0883e",
+       "colorKey": "orange",
+       "constructors": {
+         "as": "asVersionId",
+         "parse": "parseVersionId",
+         "try": "tryVersionId",
+       },
+       "coverage": {
+         "constructors": {
+           "as": 0,
+           "parse": 0,
+           "try": 0,
+         },
+         "files": [],
+         "guards": 0,
+         "references": 0,
+         "scopes": {
+           "projects": {
+             "constructionCalls": 0,
+             "files": [],
+             "guardCalls": 0,
+             "references": 0,
+             "status": "unused",
+           },
+           "spine": {
+             "constructionCalls": 0,
+             "files": [],
+             "guardCalls": 0,
+             "references": 0,
+             "status": "unused",
+           },
+         },
+         "status": "unused",
+       },
+       "description": "Secret or config version identity",
+       "domain": "audit",
+       "envName": "VERSION_ID",
+       "glossaryConcepts": [],
+       "guard": "BRAND_GUARDS.isVersionId",
+       "kind": "id",
+       "mint": [
+         "system-internal",
+         "wire-input",
+       ],
+       "module": "lib/types/branded/audit.ts",
+       "name": "VersionId",
+       "shortName": "versionId",
+       "tiers": [
+         "as",
+         "try",
+         "parse",
+       ],
+       "tone": "warn",
+       "validation": {
+         "ingressNormalization": "trim",
+         "shape": "nonblank",
+       },
+     },
+     {
+       "color": "#f0883e",
+       "colorKey": "orange",
+       "constructors": {
+         "as": "asAuditId",
+         "parse": "parseAuditId",
+         "try": "tryAuditId",
+       },
+       "coverage": {
+         "constructors": {
+           "as": 0,
+           "parse": 0,
+           "try": 0,
+         },
+         "files": [],
+         "guards": 0,
+         "references": 0,
+         "scopes": {
+           "projects": {
+             "constructionCalls": 0,
+             "files": [],
+             "guardCalls": 0,
+             "references": 0,
+             "status": "unused",
+           },
+           "spine": {
+             "constructionCalls": 0,
+             "files": [],
+             "guardCalls": 0,
+             "references": 0,
+             "status": "unused",
+           },
+         },
+         "status": "unused",
+       },
+       "description": "Audit log entry identity",
+       "domain": "audit",
+       "envName": "AUDIT_ID",
+       "glossaryConcepts": [],
+       "guard": "BRAND_GUARDS.isAuditId",
+       "kind": "id",
+       "mint": [
+         "system-internal",
+         "wire-input",
+       ],
+       "module": "lib/types/branded/audit.ts",
+       "name": "AuditId",
+       "shortName": "auditId",
+       "tiers": [
+         "as",
+         "try",
+         "parse",
+       ],
+       "tone": "warn",
+       "validation": {
+         "ingressNormalization": "trim",
+         "shape": "nonblank",
+       },
+     },
+     {
+       "color": "#f0883e",
+       "colorKey": "orange",
+       "constructors": {
+         "as": "asAuditFindingId",
+         "parse": "parseAuditFindingId",
+         "try": "tryAuditFindingId",
+       },
+       "coverage": {
+         "constructors": {
+           "as": 1,
+           "parse": 1,
+           "try": 0,
+         },
+         "files": [
+           "lib/audit/audit-finding.ts",
+           "lib/audit/audit-refs.ts",
+           "tools/audit-catalog.ts",
+           "tools/audit-emit-stub.ts",
+         ],
+         "guards": 0,
+         "references": 14,
+         "scopes": {
+           "projects": {
+             "constructionCalls": 0,
+             "files": [],
+             "guardCalls": 0,
+             "references": 0,
+             "status": "unused",
+           },
+           "spine": {
+             "constructionCalls": 2,
+             "files": [
+               "lib/audit/audit-finding.ts",
+               "lib/audit/audit-refs.ts",
+               "tools/audit-catalog.ts",
+               "tools/audit-emit-stub.ts",
+             ],
+             "guardCalls": 0,
+             "references": 14,
+             "status": "covered",
+           },
+         },
+         "status": "covered",
+       },
+       "description": "FactoryWager audit-finding SSOT primary key",
+       "domain": "audit",
+       "envName": "AUDIT_FINDING_ID",
+       "glossaryConcepts": [],
+       "guard": "BRAND_GUARDS.isAuditFindingId",
+       "kind": "id",
+       "mint": [
+         "system-internal",
+         "wire-input",
+       ],
+       "module": "lib/types/branded/audit.ts",
+       "name": "AuditFindingId",
+       "shortName": "auditFindingId",
+       "tiers": [
+         "as",
+         "try",
+         "parse",
+       ],
+       "tone": "warn",
+       "validation": {
+         "ingressNormalization": "trim",
+         "shape": "nonblank",
+       },
+     },
+     {
+       "color": "#f0883e",
+       "colorKey": "orange",
+       "constructors": {
+         "as": "asAuditConceptId",
+         "parse": "parseAuditConceptId",
+         "try": "tryAuditConceptId",
+       },
+       "coverage": {
+         "constructors": {
+           "as": 0,
+           "parse": 1,
+           "try": 0,
+         },
+         "files": [
+           "lib/audit/audit-concept.ts",
+           "lib/audit/audit-refs.ts",
+           "tools/audit-catalog.ts",
+         ],
+         "guards": 0,
+         "references": 14,
+         "scopes": {
+           "projects": {
+             "constructionCalls": 0,
+             "files": [],
+             "guardCalls": 0,
+             "references": 0,
+             "status": "unused",
+           },
+           "spine": {
+             "constructionCalls": 1,
+             "files": [
+               "lib/audit/audit-concept.ts",
+               "lib/audit/audit-refs.ts",
+               "tools/audit-catalog.ts",
+             ],
+             "guardCalls": 0,
+             "references": 14,
+             "status": "covered",
+           },
+         },
+         "status": "covered",
+       },
+       "description": "FactoryWager audit-concept SSOT primary key",
+       "domain": "audit",
+       "envName": "AUDIT_CONCEPT_ID",
+       "glossaryConcepts": [],
+       "guard": "BRAND_GUARDS.isAuditConceptId",
+       "kind": "id",
+       "mint": [
+         "system-internal",
+         "wire-input",
+       ],
+       "module": "lib/types/branded/audit.ts",
+       "name": "AuditConceptId",
+       "shortName": "auditConceptId",
+       "tiers": [
+         "as",
+         "try",
+         "parse",
+       ],
+       "tone": "warn",
+       "validation": {
+         "ingressNormalization": "trim",
+         "shape": "nonblank",
+       },
+     },
+     {
+       "color": "#f0883e",
+       "colorKey": "orange",
+       "constructors": {
+         "as": "asAuditEntryId",
+         "parse": "parseAuditEntryId",
+         "try": "tryAuditEntryId",
+       },
+       "coverage": {
+         "constructors": {
+           "as": 38,
+           "parse": 2,
+           "try": 0,
+         },
+         "files": [
+           "lib/audit/audit-concept.ts",
+           "lib/audit/audit-finding.ts",
+           "lib/audit/audit-refs.ts",
+           "lib/audit/render-finding.ts",
+           "tools/audit-catalog.ts",
+           "tools/audit-emit-stub.ts",
+         ],
+         "guards": 0,
+         "references": 26,
+         "scopes": {
+           "projects": {
+             "constructionCalls": 0,
+             "files": [],
+             "guardCalls": 0,
+             "references": 0,
+             "status": "unused",
+           },
+           "spine": {
+             "constructionCalls": 40,
+             "files": [
+               "lib/audit/audit-concept.ts",
+               "lib/audit/audit-finding.ts",
+               "lib/audit/audit-refs.ts",
+               "lib/audit/render-finding.ts",
+               "tools/audit-catalog.ts",
+               "tools/audit-emit-stub.ts",
+             ],
+             "guardCalls": 0,
+             "references": 26,
+             "status": "covered",
+           },
+         },
+         "status": "covered",
+       },
+       "description": "Polymorphic audit SSOT ref (finding or concept id)",
+       "domain": "audit",
+       "envName": "AUDIT_ENTRY_ID",
+       "glossaryConcepts": [],
+       "guard": "BRAND_GUARDS.isAuditEntryId",
+       "kind": "id",
+       "mint": [
+         "system-internal",
+         "wire-input",
+       ],
+       "module": "lib/types/branded/audit.ts",
+       "name": "AuditEntryId",
+       "shortName": "auditEntryId",
+       "tiers": [
+         "as",
+         "try",
+         "parse",
+       ],
+       "tone": "warn",
+       "validation": {
+         "ingressNormalization": "trim",
+         "shape": "nonblank",
+       },
+     },
+     {
+       "color": "#f0883e",
+       "colorKey": "orange",
+       "constructors": {
+         "as": "asEvidenceId",
+         "parse": "parseEvidenceId",
+         "try": "tryEvidenceId",
+       },
+       "coverage": {
+         "constructors": {
+           "as": 3,
+           "parse": 0,
+           "try": 0,
+         },
+         "files": [
+           "lib/docs/bun-brand-usages.ts",
+           "lib/dod/evidence.ts",
+           "lib/screenshot-remediation.ts",
+           "lib/time.ts",
+         ],
+         "guards": 0,
+         "references": 18,
+         "scopes": {
+           "projects": {
+             "constructionCalls": 0,
+             "files": [],
+             "guardCalls": 0,
+             "references": 0,
+             "status": "unused",
+           },
+           "spine": {
+             "constructionCalls": 3,
+             "files": [
+               "lib/docs/bun-brand-usages.ts",
+               "lib/dod/evidence.ts",
+               "lib/screenshot-remediation.ts",
+               "lib/time.ts",
+             ],
+             "guardCalls": 0,
+             "references": 18,
+             "status": "covered",
+           },
+         },
+         "status": "covered",
+       },
+       "description": "Screenshot / image evidence row (UUID v7 via Bun.randomUUIDv7)",
+       "domain": "audit",
+       "envName": "EVIDENCE_ID",
+       "glossaryConcepts": [],
+       "guard": "BRAND_GUARDS.isEvidenceId",
+       "kind": "id",
+       "mint": [
+         "system-internal",
+         "wire-input",
+       ],
+       "module": "lib/types/branded/audit.ts",
+       "name": "EvidenceId",
+       "shortName": "evidenceId",
+       "tiers": [
+         "as",
+         "try",
+         "parse",
+       ],
+       "tone": "warn",
+       "validation": {
+         "ingressNormalization": "trim",
+         "shape": "nonblank",
+       },
+     },
+     {
+       "color": "#f0883e",
+       "colorKey": "orange",
+       "constructors": {
+         "as": "asDodId",
+         "parse": "parseDodId",
+         "try": "tryDodId",
+       },
+       "coverage": {
+         "constructors": {
+           "as": 0,
+           "parse": 3,
+           "try": 0,
+         },
+         "files": [
+           "lib/dod/telegram-accounting-ingest.ts",
+           "lib/dod/verifier.ts",
+         ],
+         "guards": 0,
+         "references": 11,
+         "scopes": {
+           "projects": {
+             "constructionCalls": 0,
+             "files": [],
+             "guardCalls": 0,
+             "references": 0,
+             "status": "unused",
+           },
+           "spine": {
+             "constructionCalls": 3,
+             "files": [
+               "lib/dod/telegram-accounting-ingest.ts",
+               "lib/dod/verifier.ts",
+             ],
+             "guardCalls": 0,
+             "references": 11,
+             "status": "covered",
+           },
+         },
+         "status": "covered",
+       },
+       "description": "DOD (proof-of-deposit) submission identity",
+       "domain": "audit",
+       "envName": "DOD_ID",
+       "glossaryConcepts": [],
+       "guard": "BRAND_GUARDS.isDodId",
+       "kind": "id",
+       "mint": [
+         "system-internal",
+         "wire-input",
+       ],
+       "module": "lib/types/branded/audit.ts",
+       "name": "DodId",
+       "shortName": "dodId",
+       "tiers": [
+         "as",
+         "try",
+         "parse",
+       ],
+       "tone": "warn",
+       "validation": {
+         "ingressNormalization": "trim",
+         "shape": "nonblank",
+       },
+     },
+     {
+       "color": "#f0883e",
+       "colorKey": "orange",
+       "constructors": {
+         "as": "asRuleId",
+         "parse": "parseRuleId",
+         "try": "tryRuleId",
+       },
+       "coverage": {
+         "constructors": {
+           "as": 12,
+           "parse": 0,
+           "try": 3,
+         },
+         "files": [
+           "lib/ai/anomaly-detector.ts",
+           "lib/operator-research/agent-odds-http.ts",
+           "lib/operator-research/backtest.ts",
+           "lib/operator-research/edge-engine.ts",
+         ],
+         "guards": 0,
+         "references": 12,
+         "scopes": {
+           "projects": {
+             "constructionCalls": 0,
+             "files": [],
+             "guardCalls": 0,
+             "references": 0,
+             "status": "unused",
+           },
+           "spine": {
+             "constructionCalls": 15,
+             "files": [
+               "lib/ai/anomaly-detector.ts",
+               "lib/operator-research/agent-odds-http.ts",
+               "lib/operator-research/backtest.ts",
+               "lib/operator-research/edge-engine.ts",
+             ],
+             "guardCalls": 0,
+             "references": 12,
+             "status": "covered",
+           },
+         },
+         "status": "covered",
+       },
+       "description": "Anomaly-detection rule identity",
+       "domain": "audit",
+       "envName": "RULE_ID",
+       "glossaryConcepts": [],
+       "guard": "BRAND_GUARDS.isRuleId",
+       "kind": "id",
+       "mint": [
+         "system-internal",
+         "wire-input",
+       ],
+       "module": "lib/types/branded/audit.ts",
+       "name": "RuleId",
+       "shortName": "ruleId",
+       "tiers": [
+         "as",
+         "try",
+         "parse",
+       ],
+       "tone": "warn",
+       "validation": {
+         "ingressNormalization": "trim",
+         "shape": "nonblank",
+       },
+     },
+     {
+       "color": "#db6d28",
+       "colorKey": "orange",
+       "constructors": {
+         "as": "asGithubIssueArtifactId",
+         "parse": "parseGithubIssueArtifactId",
+         "try": "tryGithubIssueArtifactId",
+       },
+       "coverage": {
+         "constructors": {
+           "as": 1,
+           "parse": 1,
+           "try": 0,
+         },
+         "files": [
+           "config/github-issue-taxonomy.ts",
+           "lib/github-issue-taxonomy-wire.ts",
+         ],
+         "guards": 0,
+         "references": 2,
+         "scopes": {
+           "projects": {
+             "constructionCalls": 0,
+             "files": [],
+             "guardCalls": 0,
+             "references": 0,
+             "status": "unused",
+           },
+           "spine": {
+             "constructionCalls": 2,
+             "files": [
+               "config/github-issue-taxonomy.ts",
+               "lib/github-issue-taxonomy-wire.ts",
+             ],
+             "guardCalls": 0,
+             "references": 2,
+             "status": "covered",
+           },
+         },
+         "status": "covered",
+       },
+       "description": "Issue-spine artifact identity governed by the repository taxonomy",
+       "domain": "governance",
+       "envName": "GITHUB_ISSUE_ARTIFACT_ID",
+       "glossaryConcepts": [],
+       "guard": "BRAND_GUARDS.isGithubIssueArtifactId",
+       "kind": "id",
+       "mint": [
+         "system-internal",
+         "wire-input",
+       ],
+       "module": "lib/types/branded/governance.ts",
+       "name": "GithubIssueArtifactId",
+       "shortName": "githubIssueArtifactId",
+       "tiers": [
+         "as",
+         "try",
+         "parse",
+       ],
+       "tone": "warn",
+       "validation": {
+         "ingressNormalization": "trim",
+         "pattern": "^[a-z0-9][a-z0-9._-]*$",
+         "shape": "pattern",
+       },
+     },
+     {
+       "color": "#db6d28",
+       "colorKey": "orange",
+       "constructors": {
+         "as": "asGithubIssueConceptId",
+         "parse": "parseGithubIssueConceptId",
+         "try": "tryGithubIssueConceptId",
+       },
+       "coverage": {
+         "constructors": {
+           "as": 2,
+           "parse": 1,
+           "try": 0,
+         },
+         "files": [
+           "config/github-issue-taxonomy.ts",
+           "lib/github-issue-taxonomy-public.ts",
+           "lib/github-issue-taxonomy-wire.ts",
+         ],
+         "guards": 0,
+         "references": 2,
+         "scopes": {
+           "projects": {
+             "constructionCalls": 0,
+             "files": [],
+             "guardCalls": 0,
+             "references": 0,
+             "status": "unused",
+           },
+           "spine": {
+             "constructionCalls": 3,
+             "files": [
+               "config/github-issue-taxonomy.ts",
+               "lib/github-issue-taxonomy-public.ts",
+               "lib/github-issue-taxonomy-wire.ts",
+             ],
+             "guardCalls": 0,
+             "references": 2,
+             "status": "covered",
+           },
+         },
+         "status": "covered",
+       },
+       "description": "Optional glossary concept identity carried by issue-spine metadata",
+       "domain": "governance",
+       "envName": "GITHUB_ISSUE_CONCEPT_ID",
+       "glossaryConcepts": [],
+       "guard": "BRAND_GUARDS.isGithubIssueConceptId",
+       "kind": "id",
+       "mint": [
+         "system-internal",
+         "wire-input",
+       ],
+       "module": "lib/types/branded/governance.ts",
+       "name": "GithubIssueConceptId",
+       "shortName": "githubIssueConceptId",
+       "tiers": [
+         "as",
+         "try",
+         "parse",
+       ],
+       "tone": "warn",
+       "validation": {
+         "ingressNormalization": "trim",
+         "pattern": "^[A-Za-z][A-Za-z0-9_]*(?:\.[A-Za-z0-9_]+)*$",
+         "shape": "pattern",
+       },
+     },
+     {
+       "color": "#db6d28",
+       "colorKey": "orange",
+       "constructors": {
+         "as": "asGithubIssueLabelKey",
+         "parse": "parseGithubIssueLabelKey",
+         "try": "tryGithubIssueLabelKey",
+       },
+       "coverage": {
+         "constructors": {
+           "as": 7,
+           "parse": 0,
+           "try": 0,
+         },
+         "files": [
+           "config/github-issue-taxonomy.ts",
+         ],
+         "guards": 0,
+         "references": 3,
+         "scopes": {
+           "projects": {
+             "constructionCalls": 0,
+             "files": [],
+             "guardCalls": 0,
+             "references": 0,
+             "status": "unused",
+           },
+           "spine": {
+             "constructionCalls": 7,
+             "files": [
+               "config/github-issue-taxonomy.ts",
+             ],
+             "guardCalls": 0,
+             "references": 3,
+             "status": "covered",
+           },
+         },
+         "status": "covered",
+       },
+       "description": "Semantic dimension.value key for a governed GitHub issue label",
+       "domain": "governance",
+       "envName": "GITHUB_ISSUE_LABEL_KEY",
+       "glossaryConcepts": [],
+       "guard": "BRAND_GUARDS.isGithubIssueLabelKey",
+       "kind": "key",
+       "mint": [
+         "system-internal",
+         "wire-input",
+       ],
+       "module": "lib/types/branded/governance.ts",
+       "name": "GithubIssueLabelKey",
+       "shortName": "githubIssueLabelKey",
+       "tiers": [
+         "as",
+         "try",
+         "parse",
+       ],
+       "tone": "warn",
+       "validation": {
+         "ingressNormalization": "trim",
+         "pattern": "^[a-z][a-z0-9_]*\.[a-z0-9][a-z0-9_-]*$",
+         "shape": "pattern",
+       },
+     },
+     {
+       "color": "#db6d28",
+       "colorKey": "orange",
+       "constructors": {
+         "as": "asGithubIssueLabelNameKey",
+         "parse": "parseGithubIssueLabelNameKey",
+         "try": "tryGithubIssueLabelNameKey",
+       },
+       "coverage": {
+         "constructors": {
+           "as": 0,
+           "parse": 0,
+           "try": 0,
+         },
+         "files": [
+           "config/github-issue-taxonomy.ts",
+         ],
+         "guards": 0,
+         "references": 3,
+         "scopes": {
+           "projects": {
+             "constructionCalls": 0,
+             "files": [],
+             "guardCalls": 0,
+             "references": 0,
+             "status": "unused",
+           },
+           "spine": {
+             "constructionCalls": 0,
+             "files": [
+               "config/github-issue-taxonomy.ts",
+             ],
+             "guardCalls": 0,
+             "references": 3,
+             "status": "referenced-unconstructed",
+           },
+         },
+         "status": "referenced-unconstructed",
+       },
+       "description": "GitHub-facing label name projected from the semantic taxonomy",
+       "domain": "governance",
+       "envName": "GITHUB_ISSUE_LABEL_NAME_KEY",
+       "glossaryConcepts": [],
+       "guard": "BRAND_GUARDS.isGithubIssueLabelNameKey",
+       "kind": "key",
+       "mint": [
+         "system-internal",
+         "wire-input",
+       ],
+       "module": "lib/types/branded/governance.ts",
+       "name": "GithubIssueLabelNameKey",
+       "shortName": "githubIssueLabelNameKey",
+       "tiers": [
+         "as",
+         "try",
+         "parse",
+       ],
+       "tone": "warn",
+       "validation": {
+         "ingressNormalization": "trim",
+         "pattern": "^[a-z0-9][a-z0-9-]*$",
+         "shape": "pattern",
+       },
+     },
+     {
+       "color": "#db6d28",
+       "colorKey": "orange",
+       "constructors": {
+         "as": "asGithubIssueDimensionCode",
+         "parse": "parseGithubIssueDimensionCode",
+         "try": "tryGithubIssueDimensionCode",
+       },
+       "coverage": {
+         "constructors": {
+           "as": 8,
+           "parse": 0,
+           "try": 0,
+         },
+         "files": [
+           "config/github-issue-taxonomy.ts",
+         ],
+         "guards": 0,
+         "references": 3,
+         "scopes": {
+           "projects": {
+             "constructionCalls": 0,
+             "files": [],
+             "guardCalls": 0,
+             "references": 0,
+             "status": "unused",
+           },
+           "spine": {
+             "constructionCalls": 8,
+             "files": [
+               "config/github-issue-taxonomy.ts",
+             ],
+             "guardCalls": 0,
+             "references": 3,
+             "status": "covered",
+           },
+         },
+         "status": "covered",
+       },
+       "description": "Issue taxonomy dimension code",
+       "domain": "governance",
+       "envName": "GITHUB_ISSUE_DIMENSION_CODE",
+       "glossaryConcepts": [],
+       "guard": "BRAND_GUARDS.isGithubIssueDimensionCode",
+       "kind": "code",
+       "mint": [
+         "system-internal",
+         "wire-input",
+       ],
+       "module": "lib/types/branded/governance.ts",
+       "name": "GithubIssueDimensionCode",
+       "shortName": "githubIssueDimensionCode",
+       "tiers": [
+         "as",
+         "try",
+         "parse",
+       ],
+       "tone": "warn",
+       "validation": {
+         "ingressNormalization": "trim",
+         "pattern": "^(type|priority|plane|runtime|team|status|urgency|concern)$",
+         "shape": "pattern",
+       },
+     },
+     {
+       "color": "#db6d28",
+       "colorKey": "orange",
+       "constructors": {
+         "as": "asGithubIssueTypeCode",
+         "parse": "parseGithubIssueTypeCode",
+         "try": "tryGithubIssueTypeCode",
+       },
+       "coverage": {
+         "constructors": {
+           "as": 2,
+           "parse": 1,
+           "try": 0,
+         },
+         "files": [
+           "config/github-issue-taxonomy.ts",
+           "lib/github-issue-taxonomy-wire.ts",
+         ],
+         "guards": 0,
+         "references": 3,
+         "scopes": {
+           "projects": {
+             "constructionCalls": 0,
+             "files": [],
+             "guardCalls": 0,
+             "references": 0,
+             "status": "unused",
+           },
+           "spine": {
+             "constructionCalls": 3,
+             "files": [
+               "config/github-issue-taxonomy.ts",
+               "lib/github-issue-taxonomy-wire.ts",
+             ],
+             "guardCalls": 0,
+             "references": 3,
+             "status": "covered",
+           },
+         },
+         "status": "covered",
+       },
+       "description": "Issue-spine type value",
+       "domain": "governance",
+       "envName": "GITHUB_ISSUE_TYPE_CODE",
+       "glossaryConcepts": [],
+       "guard": "BRAND_GUARDS.isGithubIssueTypeCode",
+       "kind": "code",
+       "mint": [
+         "system-internal",
+         "wire-input",
+       ],
+       "module": "lib/types/branded/governance.ts",
+       "name": "GithubIssueTypeCode",
+       "shortName": "githubIssueTypeCode",
+       "tiers": [
+         "as",
+         "try",
+         "parse",
+       ],
+       "tone": "warn",
+       "validation": {
+         "ingressNormalization": "trim",
+         "pattern": "^(bug|enhancement)$",
+         "shape": "pattern",
+       },
+     },
+     {
+       "color": "#db6d28",
+       "colorKey": "orange",
+       "constructors": {
+         "as": "asGithubIssuePriorityCode",
+         "parse": "parseGithubIssuePriorityCode",
+         "try": "tryGithubIssuePriorityCode",
+       },
+       "coverage": {
+         "constructors": {
+           "as": 3,
+           "parse": 1,
+           "try": 0,
+         },
+         "files": [
+           "config/github-issue-taxonomy.ts",
+           "lib/github-issue-taxonomy-wire.ts",
+         ],
+         "guards": 0,
+         "references": 3,
+         "scopes": {
+           "projects": {
+             "constructionCalls": 0,
+             "files": [],
+             "guardCalls": 0,
+             "references": 0,
+             "status": "unused",
+           },
+           "spine": {
+             "constructionCalls": 4,
+             "files": [
+               "config/github-issue-taxonomy.ts",
+               "lib/github-issue-taxonomy-wire.ts",
+             ],
+             "guardCalls": 0,
+             "references": 3,
+             "status": "covered",
+           },
+         },
+         "status": "covered",
+       },
+       "description": "Issue-spine priority value",
+       "domain": "governance",
+       "envName": "GITHUB_ISSUE_PRIORITY_CODE",
+       "glossaryConcepts": [],
+       "guard": "BRAND_GUARDS.isGithubIssuePriorityCode",
+       "kind": "code",
+       "mint": [
+         "system-internal",
+         "wire-input",
+       ],
+       "module": "lib/types/branded/governance.ts",
+       "name": "GithubIssuePriorityCode",
+       "shortName": "githubIssuePriorityCode",
+       "tiers": [
+         "as",
+         "try",
+         "parse",
+       ],
+       "tone": "warn",
+       "validation": {
+         "ingressNormalization": "trim",
+         "pattern": "^p[0-2]$",
+         "shape": "pattern",
+       },
+     },
+     {
+       "color": "#db6d28",
+       "colorKey": "orange",
+       "constructors": {
+         "as": "asGithubIssuePlaneCode",
+         "parse": "parseGithubIssuePlaneCode",
+         "try": "tryGithubIssuePlaneCode",
+       },
+       "coverage": {
+         "constructors": {
+           "as": 5,
+           "parse": 1,
+           "try": 0,
+         },
+         "files": [
+           "config/github-issue-taxonomy.ts",
+           "lib/github-issue-taxonomy-wire.ts",
+         ],
+         "guards": 0,
+         "references": 3,
+         "scopes": {
+           "projects": {
+             "constructionCalls": 0,
+             "files": [],
+             "guardCalls": 0,
+             "references": 0,
+             "status": "unused",
+           },
+           "spine": {
+             "constructionCalls": 6,
+             "files": [
+               "config/github-issue-taxonomy.ts",
+               "lib/github-issue-taxonomy-wire.ts",
+             ],
+             "guardCalls": 0,
+             "references": 3,
+             "status": "covered",
+           },
+         },
+         "status": "covered",
+       },
+       "description": "Issue-spine ownership plane",
+       "domain": "governance",
+       "envName": "GITHUB_ISSUE_PLANE_CODE",
+       "glossaryConcepts": [],
+       "guard": "BRAND_GUARDS.isGithubIssuePlaneCode",
+       "kind": "code",
+       "mint": [
+         "system-internal",
+         "wire-input",
+       ],
+       "module": "lib/types/branded/governance.ts",
+       "name": "GithubIssuePlaneCode",
+       "shortName": "githubIssuePlaneCode",
+       "tiers": [
+         "as",
+         "try",
+         "parse",
+       ],
+       "tone": "warn",
+       "validation": {
+         "ingressNormalization": "trim",
+         "pattern": "^(governance|domain|local|public|portal)$",
+         "shape": "pattern",
+       },
+     },
+     {
+       "color": "#db6d28",
+       "colorKey": "orange",
+       "constructors": {
+         "as": "asGithubIssueRuntimeCode",
+         "parse": "parseGithubIssueRuntimeCode",
+         "try": "tryGithubIssueRuntimeCode",
+       },
+       "coverage": {
+         "constructors": {
+           "as": 2,
+           "parse": 1,
+           "try": 0,
+         },
+         "files": [
+           "config/github-issue-taxonomy.ts",
+           "lib/github-issue-taxonomy-wire.ts",
+         ],
+         "guards": 0,
+         "references": 3,
+         "scopes": {
+           "projects": {
+             "constructionCalls": 0,
+             "files": [],
+             "guardCalls": 0,
+             "references": 0,
+             "status": "unused",
+           },
+           "spine": {
+             "constructionCalls": 3,
+             "files": [
+               "config/github-issue-taxonomy.ts",
+               "lib/github-issue-taxonomy-wire.ts",
+             ],
+             "guardCalls": 0,
+             "references": 3,
+             "status": "covered",
+           },
+         },
+         "status": "covered",
+       },
+       "description": "Issue-spine runtime ownership value",
+       "domain": "governance",
+       "envName": "GITHUB_ISSUE_RUNTIME_CODE",
+       "glossaryConcepts": [],
+       "guard": "BRAND_GUARDS.isGithubIssueRuntimeCode",
+       "kind": "code",
+       "mint": [
+         "system-internal",
+         "wire-input",
+       ],
+       "module": "lib/types/branded/governance.ts",
+       "name": "GithubIssueRuntimeCode",
+       "shortName": "githubIssueRuntimeCode",
+       "tiers": [
+         "as",
+         "try",
+         "parse",
+       ],
+       "tone": "warn",
+       "validation": {
+         "ingressNormalization": "trim",
+         "pattern": "^(bun|agnostic)$",
+         "shape": "pattern",
+       },
+     },
+     {
+       "color": "#db6d28",
+       "colorKey": "orange",
+       "constructors": {
+         "as": "asGithubIssueTeamCode",
+         "parse": "parseGithubIssueTeamCode",
+         "try": "tryGithubIssueTeamCode",
+       },
+       "coverage": {
+         "constructors": {
+           "as": 1,
+           "parse": 1,
+           "try": 0,
+         },
+         "files": [
+           "config/github-issue-taxonomy.ts",
+           "lib/github-issue-taxonomy-wire.ts",
+         ],
+         "guards": 0,
+         "references": 3,
+         "scopes": {
+           "projects": {
+             "constructionCalls": 0,
+             "files": [],
+             "guardCalls": 0,
+             "references": 0,
+             "status": "unused",
+           },
+           "spine": {
+             "constructionCalls": 2,
+             "files": [
+               "config/github-issue-taxonomy.ts",
+               "lib/github-issue-taxonomy-wire.ts",
+             ],
+             "guardCalls": 0,
+             "references": 3,
+             "status": "covered",
+           },
+         },
+         "status": "covered",
+       },
+       "description": "Issue-spine owning team value",
+       "domain": "governance",
+       "envName": "GITHUB_ISSUE_TEAM_CODE",
+       "glossaryConcepts": [],
+       "guard": "BRAND_GUARDS.isGithubIssueTeamCode",
+       "kind": "code",
+       "mint": [
+         "system-internal",
+         "wire-input",
+       ],
+       "module": "lib/types/branded/governance.ts",
+       "name": "GithubIssueTeamCode",
+       "shortName": "githubIssueTeamCode",
+       "tiers": [
+         "as",
+         "try",
+         "parse",
+       ],
+       "tone": "warn",
+       "validation": {
+         "ingressNormalization": "trim",
+         "pattern": "^(infrastructure)$",
+         "shape": "pattern",
+       },
+     },
+     {
+       "color": "#db6d28",
+       "colorKey": "orange",
+       "constructors": {
+         "as": "asGithubIssueStatusCode",
+         "parse": "parseGithubIssueStatusCode",
+         "try": "tryGithubIssueStatusCode",
+       },
+       "coverage": {
+         "constructors": {
+           "as": 4,
+           "parse": 1,
+           "try": 0,
+         },
+         "files": [
+           "config/github-issue-taxonomy.ts",
+           "lib/github-issue-taxonomy-wire.ts",
+         ],
+         "guards": 0,
+         "references": 3,
+         "scopes": {
+           "projects": {
+             "constructionCalls": 0,
+             "files": [],
+             "guardCalls": 0,
+             "references": 0,
+             "status": "unused",
+           },
+           "spine": {
+             "constructionCalls": 5,
+             "files": [
+               "config/github-issue-taxonomy.ts",
+               "lib/github-issue-taxonomy-wire.ts",
+             ],
+             "guardCalls": 0,
+             "references": 3,
+             "status": "covered",
+           },
+         },
+         "status": "covered",
+       },
+       "description": "Issue-spine lifecycle status",
+       "domain": "governance",
+       "envName": "GITHUB_ISSUE_STATUS_CODE",
+       "glossaryConcepts": [],
+       "guard": "BRAND_GUARDS.isGithubIssueStatusCode",
+       "kind": "code",
+       "mint": [
+         "system-internal",
+         "wire-input",
+       ],
+       "module": "lib/types/branded/governance.ts",
+       "name": "GithubIssueStatusCode",
+       "shortName": "githubIssueStatusCode",
+       "tiers": [
+         "as",
+         "try",
+         "parse",
+       ],
+       "tone": "warn",
+       "validation": {
+         "ingressNormalization": "trim",
+         "pattern": "^(planned|active|blocked|done)$",
+         "shape": "pattern",
+       },
+     },
+     {
+       "color": "#db6d28",
+       "colorKey": "orange",
+       "constructors": {
+         "as": "asGithubIssueUrgencyCode",
+         "parse": "parseGithubIssueUrgencyCode",
+         "try": "tryGithubIssueUrgencyCode",
+       },
+       "coverage": {
+         "constructors": {
+           "as": 1,
+           "parse": 0,
+           "try": 0,
+         },
+         "files": [
+           "config/github-issue-taxonomy.ts",
+         ],
+         "guards": 0,
+         "references": 2,
+         "scopes": {
+           "projects": {
+             "constructionCalls": 0,
+             "files": [],
+             "guardCalls": 0,
+             "references": 0,
+             "status": "unused",
+           },
+           "spine": {
+             "constructionCalls": 1,
+             "files": [
+               "config/github-issue-taxonomy.ts",
+             ],
+             "guardCalls": 0,
+             "references": 2,
+             "status": "covered",
+           },
+         },
+         "status": "covered",
+       },
+       "description": "Optional issue urgency facet",
+       "domain": "governance",
+       "envName": "GITHUB_ISSUE_URGENCY_CODE",
+       "glossaryConcepts": [],
+       "guard": "BRAND_GUARDS.isGithubIssueUrgencyCode",
+       "kind": "code",
+       "mint": [
+         "system-internal",
+         "wire-input",
+       ],
+       "module": "lib/types/branded/governance.ts",
+       "name": "GithubIssueUrgencyCode",
+       "shortName": "githubIssueUrgencyCode",
+       "tiers": [
+         "as",
+         "try",
+         "parse",
+       ],
+       "tone": "warn",
+       "validation": {
+         "ingressNormalization": "trim",
+         "pattern": "^(high)$",
+         "shape": "pattern",
+       },
+     },
+     {
+       "color": "#db6d28",
+       "colorKey": "orange",
+       "constructors": {
+         "as": "asGithubIssueConcernCode",
+         "parse": "parseGithubIssueConcernCode",
+         "try": "tryGithubIssueConcernCode",
+       },
+       "coverage": {
+         "constructors": {
+           "as": 1,
+           "parse": 0,
+           "try": 0,
+         },
+         "files": [
+           "config/github-issue-taxonomy.ts",
+         ],
+         "guards": 0,
+         "references": 2,
+         "scopes": {
+           "projects": {
+             "constructionCalls": 0,
+             "files": [],
+             "guardCalls": 0,
+             "references": 0,
+             "status": "unused",
+           },
+           "spine": {
+             "constructionCalls": 1,
+             "files": [
+               "config/github-issue-taxonomy.ts",
+             ],
+             "guardCalls": 0,
+             "references": 2,
+             "status": "covered",
+           },
+         },
+         "status": "covered",
+       },
+       "description": "Optional issue concern facet",
+       "domain": "governance",
+       "envName": "GITHUB_ISSUE_CONCERN_CODE",
+       "glossaryConcepts": [],
+       "guard": "BRAND_GUARDS.isGithubIssueConcernCode",
+       "kind": "code",
+       "mint": [
+         "system-internal",
+         "wire-input",
+       ],
+       "module": "lib/types/branded/governance.ts",
+       "name": "GithubIssueConcernCode",
+       "shortName": "githubIssueConcernCode",
+       "tiers": [
+         "as",
+         "try",
+         "parse",
+       ],
+       "tone": "warn",
+       "validation": {
+         "ingressNormalization": "trim",
+         "pattern": "^(resource-management)$",
+         "shape": "pattern",
+       },
+     },
+     {
+       "color": "#58a6ff",
+       "colorKey": "accent",
+       "constructors": {
+         "as": "asOperationId",
+         "parse": "parseOperationId",
+         "try": "tryOperationId",
+       },
+       "coverage": {
+         "constructors": {
+           "as": 4,
+           "parse": 0,
+           "try": 0,
+         },
+         "files": [
+           "lib/core/concurrent-operations.ts",
+           "lib/core/core-types.ts",
+         ],
+         "guards": 0,
+         "references": 6,
+         "scopes": {
+           "projects": {
+             "constructionCalls": 0,
+             "files": [],
+             "guardCalls": 0,
+             "references": 0,
+             "status": "unused",
+           },
+           "spine": {
+             "constructionCalls": 4,
+             "files": [
+               "lib/core/concurrent-operations.ts",
+               "lib/core/core-types.ts",
+             ],
+             "guardCalls": 0,
+             "references": 6,
+             "status": "covered",
+           },
+         },
+         "status": "covered",
+       },
+       "description": "Batch or async operation handle",
+       "domain": "operations",
+       "envName": "OPERATION_ID",
+       "glossaryConcepts": [],
+       "guard": "BRAND_GUARDS.isOperationId",
+       "kind": "id",
+       "mint": [
+         "system-internal",
+         "wire-input",
+       ],
+       "module": "lib/types/branded/operations.ts",
+       "name": "OperationId",
+       "shortName": "operationId",
+       "tiers": [
+         "as",
+         "try",
+         "parse",
+       ],
+       "tone": "info",
+       "validation": {
+         "ingressNormalization": "trim",
+         "shape": "nonblank",
+       },
+     },
+     {
+       "color": "#58a6ff",
+       "colorKey": "accent",
+       "constructors": {
+         "as": "asResourceId",
+         "parse": "parseResourceId",
+         "try": "tryResourceId",
+       },
+       "coverage": {
+         "constructors": {
+           "as": 0,
+           "parse": 0,
+           "try": 0,
+         },
+         "files": [
+           "lib/core/core-errors.ts",
+         ],
+         "guards": 0,
+         "references": 5,
+         "scopes": {
+           "projects": {
+             "constructionCalls": 0,
+             "files": [],
+             "guardCalls": 0,
+             "references": 0,
+             "status": "unused",
+           },
+           "spine": {
+             "constructionCalls": 0,
+             "files": [
+               "lib/core/core-errors.ts",
+             ],
+             "guardCalls": 0,
+             "references": 5,
+             "status": "referenced-unconstructed",
+           },
+         },
+         "status": "referenced-unconstructed",
+       },
+       "description": "Generic resource pointer (errors, ACL subjects)",
+       "domain": "operations",
+       "envName": "RESOURCE_ID",
+       "glossaryConcepts": [],
+       "guard": "BRAND_GUARDS.isResourceId",
+       "kind": "id",
+       "mint": [
+         "system-internal",
+         "wire-input",
+       ],
+       "module": "lib/types/branded/operations.ts",
+       "name": "ResourceId",
+       "shortName": "resourceId",
+       "tiers": [
+         "as",
+         "try",
+         "parse",
+       ],
+       "tone": "info",
+       "validation": {
+         "ingressNormalization": "trim",
+         "shape": "nonblank",
+       },
+     },
+     {
+       "color": "#58a6ff",
+       "colorKey": "accent",
+       "constructors": {
+         "as": "asProjectId",
+         "parse": "parseProjectId",
+         "try": "tryProjectId",
+       },
+       "coverage": {
+         "constructors": {
+           "as": 7,
+           "parse": 0,
+           "try": 0,
+         },
+         "files": [
+           "lib/gate-map.ts",
+           "lib/http/host-planes.ts",
+         ],
+         "guards": 0,
+         "references": 4,
+         "scopes": {
+           "projects": {
+             "constructionCalls": 0,
+             "files": [],
+             "guardCalls": 0,
+             "references": 0,
+             "status": "unused",
+           },
+           "spine": {
+             "constructionCalls": 7,
+             "files": [
+               "lib/gate-map.ts",
+               "lib/http/host-planes.ts",
+             ],
+             "guardCalls": 0,
+             "references": 4,
+             "status": "covered",
+           },
+         },
+         "status": "covered",
+       },
+       "description": "Project / workspace identity",
+       "domain": "operations",
+       "envName": "PROJECT_ID",
+       "glossaryConcepts": [],
+       "guard": "BRAND_GUARDS.isProjectId",
+       "kind": "id",
+       "mint": [
+         "user-input",
+         "wire-input",
+       ],
+       "module": "lib/types/branded/operations.ts",
+       "name": "ProjectId",
+       "shortName": "projectId",
+       "tiers": [
+         "as",
+         "try",
+         "parse",
+       ],
+       "tone": "info",
+       "validation": {
+         "ingressNormalization": "trim",
+         "shape": "nonblank",
+       },
+     },
+     {
+       "color": "#58a6ff",
+       "colorKey": "accent",
+       "constructors": {
+         "as": "asPipelineId",
+         "parse": "parsePipelineId",
+         "try": "tryPipelineId",
+       },
+       "coverage": {
+         "constructors": {
+           "as": 0,
+           "parse": 0,
+           "try": 0,
+         },
+         "files": [],
+         "guards": 0,
+         "references": 0,
+         "scopes": {
+           "projects": {
+             "constructionCalls": 0,
+             "files": [],
+             "guardCalls": 0,
+             "references": 0,
+             "status": "unused",
+           },
+           "spine": {
+             "constructionCalls": 0,
+             "files": [],
+             "guardCalls": 0,
+             "references": 0,
+             "status": "unused",
+           },
+         },
+         "status": "unused",
+       },
+       "description": "Transform or CI pipeline identity",
+       "domain": "operations",
+       "envName": "PIPELINE_ID",
+       "glossaryConcepts": [],
+       "guard": "BRAND_GUARDS.isPipelineId",
+       "kind": "id",
+       "mint": [
+         "system-internal",
+         "wire-input",
+       ],
+       "module": "lib/types/branded/operations.ts",
+       "name": "PipelineId",
+       "shortName": "pipelineId",
+       "tiers": [
+         "as",
+         "try",
+         "parse",
+       ],
+       "tone": "info",
+       "validation": {
+         "ingressNormalization": "trim",
+         "shape": "nonblank",
+       },
+     },
+     {
+       "color": "#58a6ff",
+       "colorKey": "accent",
+       "constructors": {
+         "as": "asJobId",
+         "parse": "parseJobId",
+         "try": "tryJobId",
+       },
+       "coverage": {
+         "constructors": {
+           "as": 0,
+           "parse": 0,
+           "try": 0,
+         },
+         "files": [],
+         "guards": 0,
+         "references": 0,
+         "scopes": {
+           "projects": {
+             "constructionCalls": 0,
+             "files": [],
+             "guardCalls": 0,
+             "references": 0,
+             "status": "unused",
+           },
+           "spine": {
+             "constructionCalls": 0,
+             "files": [],
+             "guardCalls": 0,
+             "references": 0,
+             "status": "unused",
+           },
+         },
+         "status": "unused",
+       },
+       "description": "Scheduled or queued job identity",
+       "domain": "operations",
+       "envName": "JOB_ID",
+       "glossaryConcepts": [],
+       "guard": "BRAND_GUARDS.isJobId",
+       "kind": "id",
+       "mint": [
+         "system-internal",
+         "wire-input",
+       ],
+       "module": "lib/types/branded/operations.ts",
+       "name": "JobId",
+       "shortName": "jobId",
+       "tiers": [
+         "as",
+         "try",
+         "parse",
+       ],
+       "tone": "info",
+       "validation": {
+         "ingressNormalization": "trim",
+         "shape": "nonblank",
+       },
+     },
+     {
+       "color": "#58a6ff",
+       "colorKey": "accent",
+       "constructors": {
+         "as": "asStepId",
+         "parse": "parseStepId",
+         "try": "tryStepId",
+       },
+       "coverage": {
+         "constructors": {
+           "as": 0,
+           "parse": 0,
+           "try": 0,
+         },
+         "files": [],
+         "guards": 0,
+         "references": 0,
+         "scopes": {
+           "projects": {
+             "constructionCalls": 0,
+             "files": [],
+             "guardCalls": 0,
+             "references": 0,
+             "status": "unused",
+           },
+           "spine": {
+             "constructionCalls": 0,
+             "files": [],
+             "guardCalls": 0,
+             "references": 0,
+             "status": "unused",
+           },
+         },
+         "status": "unused",
+       },
+       "description": "Pipeline step identity",
+       "domain": "operations",
+       "envName": "STEP_ID",
+       "glossaryConcepts": [],
+       "guard": "BRAND_GUARDS.isStepId",
+       "kind": "id",
+       "mint": [
+         "system-internal",
+         "wire-input",
+       ],
+       "module": "lib/types/branded/operations.ts",
+       "name": "StepId",
+       "shortName": "stepId",
+       "tiers": [
+         "as",
+         "try",
+         "parse",
+       ],
+       "tone": "info",
+       "validation": {
+         "ingressNormalization": "trim",
+         "shape": "nonblank",
+       },
+     },
+     {
+       "color": "#58a6ff",
+       "colorKey": "accent",
+       "constructors": {
+         "as": "asWebhookId",
+         "parse": "parseWebhookId",
+         "try": "tryWebhookId",
+       },
+       "coverage": {
+         "constructors": {
+           "as": 0,
+           "parse": 0,
+           "try": 0,
+         },
+         "files": [],
+         "guards": 0,
+         "references": 0,
+         "scopes": {
+           "projects": {
+             "constructionCalls": 0,
+             "files": [],
+             "guardCalls": 0,
+             "references": 0,
+             "status": "unused",
+           },
+           "spine": {
+             "constructionCalls": 0,
+             "files": [],
+             "guardCalls": 0,
+             "references": 0,
+             "status": "unused",
+           },
+         },
+         "status": "unused",
+       },
+       "description": "Webhook registration identity",
+       "domain": "operations",
+       "envName": "WEBHOOK_ID",
+       "glossaryConcepts": [],
+       "guard": "BRAND_GUARDS.isWebhookId",
+       "kind": "id",
+       "mint": [
+         "system-internal",
+         "wire-input",
+       ],
+       "module": "lib/types/branded/operations.ts",
+       "name": "WebhookId",
+       "shortName": "webhookId",
+       "tiers": [
+         "as",
+         "try",
+         "parse",
+       ],
+       "tone": "info",
+       "validation": {
+         "ingressNormalization": "trim",
+         "shape": "nonblank",
+       },
+     },
+     {
+       "color": "#58a6ff",
+       "colorKey": "accent",
+       "constructors": {
+         "as": "asFeedId",
+         "parse": "parseFeedId",
+         "try": "tryFeedId",
+       },
+       "coverage": {
+         "constructors": {
+           "as": 0,
+           "parse": 0,
+           "try": 0,
+         },
+         "files": [],
+         "guards": 0,
+         "references": 0,
+         "scopes": {
+           "projects": {
+             "constructionCalls": 0,
+             "files": [],
+             "guardCalls": 0,
+             "references": 0,
+             "status": "unused",
+           },
+           "spine": {
+             "constructionCalls": 0,
+             "files": [],
+             "guardCalls": 0,
+             "references": 0,
+             "status": "unused",
+           },
+         },
+         "status": "unused",
+       },
+       "description": "RSS / event feed identity",
+       "domain": "operations",
+       "envName": "FEED_ID",
+       "glossaryConcepts": [],
+       "guard": "BRAND_GUARDS.isFeedId",
+       "kind": "id",
+       "mint": [
+         "system-internal",
+         "wire-input",
+       ],
+       "module": "lib/types/branded/operations.ts",
+       "name": "FeedId",
+       "shortName": "feedId",
+       "tiers": [
+         "as",
+         "try",
+         "parse",
+       ],
+       "tone": "info",
+       "validation": {
+         "ingressNormalization": "trim",
+         "shape": "nonblank",
+       },
+     },
+     {
+       "color": "#58a6ff",
+       "colorKey": "accent",
+       "constructors": {
+         "as": "asRunId",
+         "parse": "parseRunId",
+         "try": "tryRunId",
+       },
+       "coverage": {
+         "constructors": {
+           "as": 0,
+           "parse": 0,
+           "try": 0,
+         },
+         "files": [],
+         "guards": 0,
+         "references": 0,
+         "scopes": {
+           "projects": {
+             "constructionCalls": 0,
+             "files": [],
+             "guardCalls": 0,
+             "references": 0,
+             "status": "unused",
+           },
+           "spine": {
+             "constructionCalls": 0,
+             "files": [],
+             "guardCalls": 0,
+             "references": 0,
+             "status": "unused",
+           },
+         },
+         "status": "unused",
+       },
+       "description": "Benchmark / search-loop run identity",
+       "domain": "operations",
+       "envName": "RUN_ID",
+       "glossaryConcepts": [],
+       "guard": "BRAND_GUARDS.isRunId",
+       "kind": "id",
+       "mint": [
+         "system-internal",
+       ],
+       "module": "lib/types/branded/operations.ts",
+       "name": "RunId",
+       "shortName": "runId",
+       "tiers": [
+         "as",
+         "try",
+         "parse",
+       ],
+       "tone": "info",
+       "validation": {
+         "ingressNormalization": "trim",
+         "shape": "nonblank",
+       },
+     },
+     {
+       "color": "#58a6ff",
+       "colorKey": "accent",
+       "constructors": {
+         "as": "asDecisionId",
+         "parse": "parseDecisionId",
+         "try": "tryDecisionId",
+       },
+       "coverage": {
+         "constructors": {
+           "as": 0,
+           "parse": 0,
+           "try": 0,
+         },
+         "files": [],
+         "guards": 0,
+         "references": 0,
+         "scopes": {
+           "projects": {
+             "constructionCalls": 0,
+             "files": [],
+             "guardCalls": 0,
+             "references": 0,
+             "status": "unused",
+           },
+           "spine": {
+             "constructionCalls": 0,
+             "files": [],
+             "guardCalls": 0,
+             "references": 0,
+             "status": "unused",
+           },
+         },
+         "status": "unused",
+       },
+       "description": "Decision evidence record identity",
+       "domain": "operations",
+       "envName": "DECISION_ID",
+       "glossaryConcepts": [],
+       "guard": "BRAND_GUARDS.isDecisionId",
+       "kind": "id",
+       "mint": [
+         "system-internal",
+         "wire-input",
+       ],
+       "module": "lib/types/branded/operations.ts",
+       "name": "DecisionId",
+       "shortName": "decisionId",
+       "tiers": [
+         "as",
+         "try",
+         "parse",
+       ],
+       "tone": "info",
+       "validation": {
+         "ingressNormalization": "trim",
+         "shape": "nonblank",
+       },
+     },
+     {
+       "color": "#58a6ff",
+       "colorKey": "accent",
+       "constructors": {
+         "as": "asLoopId",
+         "parse": "parseLoopId",
+         "try": "tryLoopId",
+       },
+       "coverage": {
+         "constructors": {
+           "as": 0,
+           "parse": 0,
+           "try": 0,
+         },
+         "files": [],
+         "guards": 0,
+         "references": 0,
+         "scopes": {
+           "projects": {
+             "constructionCalls": 0,
+             "files": [],
+             "guardCalls": 0,
+             "references": 0,
+             "status": "unused",
+           },
+           "spine": {
+             "constructionCalls": 0,
+             "files": [],
+             "guardCalls": 0,
+             "references": 0,
+             "status": "unused",
+           },
+         },
+         "status": "unused",
+       },
+       "description": "Search / maintenance loop identity",
+       "domain": "operations",
+       "envName": "LOOP_ID",
+       "glossaryConcepts": [],
+       "guard": "BRAND_GUARDS.isLoopId",
+       "kind": "id",
+       "mint": [
+         "system-internal",
+       ],
+       "module": "lib/types/branded/operations.ts",
+       "name": "LoopId",
+       "shortName": "loopId",
+       "tiers": [
+         "as",
+         "try",
+         "parse",
+       ],
+       "tone": "info",
+       "validation": {
+         "ingressNormalization": "trim",
+         "shape": "nonblank",
+       },
+     },
+     {
+       "color": "#58a6ff",
+       "colorKey": "accent",
+       "constructors": {
+         "as": "asTreeNodeId",
+         "parse": "parseTreeNodeId",
+         "try": "tryTreeNodeId",
+       },
+       "coverage": {
+         "constructors": {
+           "as": 106,
+           "parse": 16,
+           "try": 2,
+         },
+         "files": [
+           "lib/accounts/accounts.ts",
+           "lib/accounts/automation.ts",
+           "lib/channels/outbox.ts",
+           "lib/docs/bun-brand-usages.ts",
+           "lib/docs/partner-surface-inventory.ts",
+           "lib/dod/verifier.ts",
+           "lib/experiments/cluster.ts",
+           "lib/experiments/design.ts",
+           "lib/experiments/engine.ts",
+           "lib/experiments/outcomes.ts",
+           "lib/experiments/runner.ts",
+           "lib/experiments/switchback.ts",
+         ],
+         "guards": 0,
+         "references": 302,
+         "scopes": {
+           "projects": {
+             "constructionCalls": 0,
+             "files": [],
+             "guardCalls": 0,
+             "references": 0,
+             "status": "unused",
+           },
+           "spine": {
+             "constructionCalls": 124,
+             "files": [
+               "lib/accounts/accounts.ts",
+               "lib/accounts/automation.ts",
+               "lib/channels/outbox.ts",
+               "lib/docs/bun-brand-usages.ts",
+               "lib/docs/partner-surface-inventory.ts",
+               "lib/dod/verifier.ts",
+               "lib/experiments/cluster.ts",
+               "lib/experiments/design.ts",
+               "lib/experiments/engine.ts",
+               "lib/experiments/outcomes.ts",
+               "lib/experiments/runner.ts",
+               "lib/experiments/switchback.ts",
+             ],
+             "guardCalls": 0,
+             "references": 302,
+             "status": "covered",
+           },
+         },
+         "status": "covered",
+       },
+       "description": "Ops tree node (partner / agent / sub_agent) identity",
+       "domain": "operations",
+       "envName": "TREE_NODE_ID",
+       "glossaryConcepts": [
+         "ops.limits.node",
+       ],
+       "guard": "BRAND_GUARDS.isTreeNodeId",
+       "kind": "id",
+       "mint": [
+         "system-internal",
+         "wire-input",
+       ],
+       "module": "lib/types/branded/operations.ts",
+       "name": "TreeNodeId",
+       "shortName": "treeNodeId",
+       "tiers": [
+         "as",
+         "try",
+         "parse",
+       ],
+       "tone": "info",
+       "validation": {
+         "ingressNormalization": "trim",
+         "shape": "nonblank",
+       },
+     },
+     {
+       "color": "#58a6ff",
+       "colorKey": "accent",
+       "constructors": {
+         "as": "asRailId",
+         "parse": "parseRailId",
+         "try": "tryRailId",
+       },
+       "coverage": {
+         "constructors": {
+           "as": 1,
+           "parse": 2,
+           "try": 0,
+         },
+         "files": [
+           "lib/operations/rail-limits.ts",
+           "lib/operations/reconciliation.ts",
+           "packages/partners/src/boundary/dashboard-artifact.ts",
+           "packages/partners/src/core/identifiers.ts",
+           "packages/partners/src/core/types.ts",
+         ],
+         "guards": 0,
+         "references": 11,
+         "scopes": {
+           "projects": {
+             "constructionCalls": 0,
+             "files": [],
+             "guardCalls": 0,
+             "references": 0,
+             "status": "unused",
+           },
+           "spine": {
+             "constructionCalls": 3,
+             "files": [
+               "lib/operations/rail-limits.ts",
+               "lib/operations/reconciliation.ts",
+               "packages/partners/src/boundary/dashboard-artifact.ts",
+               "packages/partners/src/core/identifiers.ts",
+               "packages/partners/src/core/types.ts",
+             ],
+             "guardCalls": 0,
+             "references": 11,
+             "status": "covered",
+           },
+         },
+         "status": "covered",
+       },
+       "description": "Funding rail identity for treasury transfers",
+       "domain": "operations",
+       "envName": "RAIL_ID",
+       "glossaryConcepts": [],
+       "guard": "BRAND_GUARDS.isRailId",
+       "kind": "id",
+       "mint": [
+         "system-internal",
+         "wire-input",
+       ],
+       "module": "lib/types/branded/operations.ts",
+       "name": "RailId",
+       "shortName": "railId",
+       "tiers": [
+         "as",
+         "try",
+         "parse",
+       ],
+       "tone": "info",
+       "validation": {
+         "ingressNormalization": "trim",
+         "shape": "nonblank",
+       },
+     },
+     {
+       "color": "#58a6ff",
+       "colorKey": "accent",
+       "constructors": {
+         "as": "asFundingId",
+         "parse": "parseFundingId",
+         "try": "tryFundingId",
+       },
+       "coverage": {
+         "constructors": {
+           "as": 1,
+           "parse": 0,
+           "try": 0,
+         },
+         "files": [
+           "lib/docs/bun-brand-usages.ts",
+           "lib/operations/rail-limits.ts",
+         ],
+         "guards": 0,
+         "references": 4,
+         "scopes": {
+           "projects": {
+             "constructionCalls": 0,
+             "files": [],
+             "guardCalls": 0,
+             "references": 0,
+             "status": "unused",
+           },
+           "spine": {
+             "constructionCalls": 1,
+             "files": [
+               "lib/docs/bun-brand-usages.ts",
+               "lib/operations/rail-limits.ts",
+             ],
+             "guardCalls": 0,
+             "references": 4,
+             "status": "covered",
+           },
+         },
+         "status": "covered",
+       },
+       "description": "Funding transfer row identity",
+       "domain": "operations",
+       "envName": "FUNDING_ID",
+       "glossaryConcepts": [],
+       "guard": "BRAND_GUARDS.isFundingId",
+       "kind": "id",
+       "mint": [
+         "system-internal",
+       ],
+       "module": "lib/types/branded/operations.ts",
+       "name": "FundingId",
+       "shortName": "fundingId",
+       "tiers": [
+         "as",
+         "try",
+         "parse",
+       ],
+       "tone": "info",
+       "validation": {
+         "ingressNormalization": "trim",
+         "shape": "nonblank",
+       },
+     },
+     {
+       "color": "#58a6ff",
+       "colorKey": "accent",
+       "constructors": {
+         "as": "asCommandId",
+         "parse": "parseCommandId",
+         "try": "tryCommandId",
+       },
+       "coverage": {
+         "constructors": {
+           "as": 1,
+           "parse": 0,
+           "try": 0,
+         },
+         "files": [
+           "lib/ai/ai-operations-manager.ts",
+           "lib/docs/bun-brand-usages.ts",
+         ],
+         "guards": 0,
+         "references": 10,
+         "scopes": {
+           "projects": {
+             "constructionCalls": 0,
+             "files": [],
+             "guardCalls": 0,
+             "references": 0,
+             "status": "unused",
+           },
+           "spine": {
+             "constructionCalls": 1,
+             "files": [
+               "lib/ai/ai-operations-manager.ts",
+               "lib/docs/bun-brand-usages.ts",
+             ],
+             "guardCalls": 0,
+             "references": 10,
+             "status": "covered",
+           },
+         },
+         "status": "covered",
+       },
+       "description": "AI / automation optimization command handle",
+       "domain": "operations",
+       "envName": "COMMAND_ID",
+       "glossaryConcepts": [],
+       "guard": "BRAND_GUARDS.isCommandId",
+       "kind": "id",
+       "mint": [
+         "system-internal",
+         "wire-input",
+       ],
+       "module": "lib/types/branded/operations.ts",
+       "name": "CommandId",
+       "shortName": "commandId",
+       "tiers": [
+         "as",
+         "try",
+         "parse",
+       ],
+       "tone": "info",
+       "validation": {
+         "ingressNormalization": "trim",
+         "shape": "nonblank",
+       },
+     },
+     {
+       "color": "#58a6ff",
+       "colorKey": "accent",
+       "constructors": {
+         "as": "asExperimentId",
+         "parse": "parseExperimentId",
+         "try": "tryExperimentId",
+       },
+       "coverage": {
+         "constructors": {
+           "as": 3,
+           "parse": 10,
+           "try": 0,
+         },
+         "files": [
+           "lib/docs/bun-brand-usages.ts",
+           "lib/experiments/cluster.ts",
+           "lib/experiments/design.ts",
+           "lib/experiments/engine.ts",
+           "lib/experiments/outcomes.ts",
+           "lib/experiments/runner.ts",
+           "lib/experiments/switchback.ts",
+           "tools/ops-experiments.ts",
+         ],
+         "guards": 0,
+         "references": 34,
+         "scopes": {
+           "projects": {
+             "constructionCalls": 0,
+             "files": [],
+             "guardCalls": 0,
+             "references": 0,
+             "status": "unused",
+           },
+           "spine": {
+             "constructionCalls": 13,
+             "files": [
+               "lib/docs/bun-brand-usages.ts",
+               "lib/experiments/cluster.ts",
+               "lib/experiments/design.ts",
+               "lib/experiments/engine.ts",
+               "lib/experiments/outcomes.ts",
+               "lib/experiments/runner.ts",
+               "lib/experiments/switchback.ts",
+               "tools/ops-experiments.ts",
+             ],
+             "guardCalls": 0,
+             "references": 34,
+             "status": "covered",
+           },
+         },
+         "status": "covered",
+       },
+       "description": "Factorial or multi-variant experiment identity",
+       "domain": "operations",
+       "envName": "EXPERIMENT_ID",
+       "glossaryConcepts": [],
+       "guard": "BRAND_GUARDS.isExperimentId",
+       "kind": "id",
+       "mint": [
+         "system-internal",
+         "user-input",
+         "wire-input",
+       ],
+       "module": "lib/types/branded/operations.ts",
+       "name": "ExperimentId",
+       "shortName": "experimentId",
+       "tiers": [
+         "as",
+         "try",
+         "parse",
+       ],
+       "tone": "info",
+       "validation": {
+         "ingressNormalization": "trim",
+         "shape": "nonblank",
+       },
+     },
+     {
+       "color": "#58a6ff",
+       "colorKey": "accent",
+       "constructors": {
+         "as": "asExperimentVariantId",
+         "parse": "parseExperimentVariantId",
+         "try": "tryExperimentVariantId",
+       },
+       "coverage": {
+         "constructors": {
+           "as": 6,
+           "parse": 0,
+           "try": 0,
+         },
+         "files": [
+           "lib/docs/bun-brand-usages.ts",
+           "lib/experiments/engine.ts",
+           "lib/experiments/switchback.ts",
+         ],
+         "guards": 0,
+         "references": 5,
+         "scopes": {
+           "projects": {
+             "constructionCalls": 0,
+             "files": [],
+             "guardCalls": 0,
+             "references": 0,
+             "status": "unused",
+           },
+           "spine": {
+             "constructionCalls": 6,
+             "files": [
+               "lib/docs/bun-brand-usages.ts",
+               "lib/experiments/engine.ts",
+               "lib/experiments/switchback.ts",
+             ],
+             "guardCalls": 0,
+             "references": 5,
+             "status": "covered",
+           },
+         },
+         "status": "covered",
+       },
+       "description": "One design cell (factor combination) in an experiment",
+       "domain": "operations",
+       "envName": "EXPERIMENT_VARIANT_ID",
+       "glossaryConcepts": [],
+       "guard": "BRAND_GUARDS.isExperimentVariantId",
+       "kind": "id",
+       "mint": [
+         "system-internal",
+       ],
+       "module": "lib/types/branded/operations.ts",
+       "name": "ExperimentVariantId",
+       "shortName": "experimentVariantId",
+       "tiers": [
+         "as",
+         "try",
+         "parse",
+       ],
+       "tone": "info",
+       "validation": {
+         "ingressNormalization": "trim",
+         "shape": "nonblank",
+       },
+     },
+     {
+       "color": "#58a6ff",
+       "colorKey": "accent",
+       "constructors": {
+         "as": "asExperimentAssignmentId",
+         "parse": "parseExperimentAssignmentId",
+         "try": "tryExperimentAssignmentId",
+       },
+       "coverage": {
+         "constructors": {
+           "as": 2,
+           "parse": 0,
+           "try": 0,
+         },
+         "files": [
+           "lib/docs/bun-brand-usages.ts",
+           "lib/experiments/engine.ts",
+         ],
+         "guards": 0,
+         "references": 2,
+         "scopes": {
+           "projects": {
+             "constructionCalls": 0,
+             "files": [],
+             "guardCalls": 0,
+             "references": 0,
+             "status": "unused",
+           },
+           "spine": {
+             "constructionCalls": 2,
+             "files": [
+               "lib/docs/bun-brand-usages.ts",
+               "lib/experiments/engine.ts",
+             ],
+             "guardCalls": 0,
+             "references": 2,
+             "status": "covered",
+           },
+         },
+         "status": "covered",
+       },
+       "description": "Sticky partner-to-variant assignment row",
+       "domain": "operations",
+       "envName": "EXPERIMENT_ASSIGNMENT_ID",
+       "glossaryConcepts": [],
+       "guard": "BRAND_GUARDS.isExperimentAssignmentId",
+       "kind": "id",
+       "mint": [
+         "system-internal",
+       ],
+       "module": "lib/types/branded/operations.ts",
+       "name": "ExperimentAssignmentId",
+       "shortName": "experimentAssignmentId",
+       "tiers": [
+         "as",
+         "try",
+         "parse",
+       ],
+       "tone": "info",
+       "validation": {
+         "ingressNormalization": "trim",
+         "shape": "nonblank",
+       },
+     },
+     {
+       "color": "#58a6ff",
+       "colorKey": "accent",
+       "constructors": {
+         "as": "asPartnerProfileKey",
+         "parse": "parsePartnerProfileKey",
+         "try": "tryPartnerProfileKey",
+       },
+       "coverage": {
+         "constructors": {
+           "as": 3,
+           "parse": 0,
+           "try": 0,
+         },
+         "files": [
+           "lib/docs/partner-surface-inventory.ts",
+           "lib/operations/account-limit-profiles.ts",
+           "lib/operations/partner-profile-bridge.ts",
+         ],
+         "guards": 0,
+         "references": 9,
+         "scopes": {
+           "projects": {
+             "constructionCalls": 0,
+             "files": [],
+             "guardCalls": 0,
+             "references": 0,
+             "status": "unused",
+           },
+           "spine": {
+             "constructionCalls": 3,
+             "files": [
+               "lib/docs/partner-surface-inventory.ts",
+               "lib/operations/account-limit-profiles.ts",
+               "lib/operations/partner-profile-bridge.ts",
+             ],
+             "guardCalls": 0,
+             "references": 9,
+             "status": "covered",
+           },
+         },
+         "status": "covered",
+       },
+       "description": "Partner profile binding key for tree node ↔ template",
+       "domain": "operations",
+       "envName": "PARTNER_PROFILE_KEY",
+       "glossaryConcepts": [],
+       "guard": "BRAND_GUARDS.isPartnerProfileKey",
+       "kind": "key",
+       "mint": [
+         "system-internal",
+       ],
+       "module": "lib/types/branded/operations.ts",
+       "name": "PartnerProfileKey",
+       "shortName": "partnerProfileKey",
+       "tiers": [
+         "as",
+         "try",
+         "parse",
+       ],
+       "tone": "info",
+       "validation": {
+         "ingressNormalization": "trim",
+         "shape": "nonblank",
+       },
+     },
+     {
+       "color": "#58a6ff",
+       "colorKey": "accent",
+       "constructors": {
+         "as": "asPartnerCode",
+         "parse": "parsePartnerCode",
+         "try": "tryPartnerCode",
+       },
+       "coverage": {
+         "constructors": {
+           "as": 1,
+           "parse": 40,
+           "try": 0,
+         },
+         "files": [
+           "lib/docs/partner-surface-docs.ts",
+           "lib/docs/partner-surface-inventory.ts",
+           "lib/telegram/handshake-desk.ts",
+           "lib/telegram/package-group-registry.ts",
+           "lib/telegram/verify-package-group-handshake.ts",
+           "packages/partners/src/adapters/limit-changes.ts",
+           "packages/partners/src/adapters/profile-coverage.ts",
+           "packages/partners/src/adapters/telegram-handshake.ts",
+           "packages/partners/src/adapters/tennis-capacity.ts",
+           "packages/partners/src/boundary/assemble-dashboard-artifact.ts",
+           "packages/partners/src/boundary/dashboard-artifact.ts",
+           "packages/partners/src/boundary/out-capability-snapshot.ts",
+         ],
+         "guards": 0,
+         "references": 60,
+         "scopes": {
+           "projects": {
+             "constructionCalls": 0,
+             "files": [],
+             "guardCalls": 0,
+             "references": 0,
+             "status": "unused",
+           },
+           "spine": {
+             "constructionCalls": 41,
+             "files": [
+               "lib/docs/partner-surface-docs.ts",
+               "lib/docs/partner-surface-inventory.ts",
+               "lib/telegram/handshake-desk.ts",
+               "lib/telegram/package-group-registry.ts",
+               "lib/telegram/verify-package-group-handshake.ts",
+               "packages/partners/src/adapters/limit-changes.ts",
+               "packages/partners/src/adapters/profile-coverage.ts",
+               "packages/partners/src/adapters/telegram-handshake.ts",
+               "packages/partners/src/adapters/tennis-capacity.ts",
+               "packages/partners/src/boundary/assemble-dashboard-artifact.ts",
+               "packages/partners/src/boundary/dashboard-artifact.ts",
+               "packages/partners/src/boundary/out-capability-snapshot.ts",
+             ],
+             "guardCalls": 0,
+             "references": 60,
+             "status": "covered",
+           },
+         },
+         "status": "covered",
+       },
+       "description": "Canonical uppercase partner business join key",
+       "domain": "operations",
+       "envName": "PARTNER_CODE",
+       "glossaryConcepts": [],
+       "guard": "BRAND_GUARDS.isPartnerCode",
+       "kind": "code",
+       "mint": [
+         "system-internal",
+         "wire-input",
+       ],
+       "module": "lib/types/branded/operations.ts",
+       "name": "PartnerCode",
+       "shortName": "partnerCode",
+       "tiers": [
+         "as",
+         "try",
+         "parse",
+       ],
+       "tone": "info",
+       "validation": {
+         "ingressNormalization": "trim",
+         "pattern": "^[A-Z]{3,6}$",
+         "shape": "pattern",
+       },
+     },
+     {
+       "color": "#58a6ff",
+       "colorKey": "accent",
+       "constructors": {
+         "as": "asPartnerCallSignCode",
+         "parse": "parsePartnerCallSignCode",
+         "try": "tryPartnerCallSignCode",
+       },
+       "coverage": {
+         "constructors": {
+           "as": 1,
+           "parse": 0,
+           "try": 0,
+         },
+         "files": [
+           "lib/docs/partner-surface-brand-check.ts",
+           "lib/docs/partner-surface-inventory.ts",
+           "packages/partners/src/core/identifiers.ts",
+           "packages/partners/src/core/types.ts",
+         ],
+         "guards": 0,
+         "references": 7,
+         "scopes": {
+           "projects": {
+             "constructionCalls": 0,
+             "files": [],
+             "guardCalls": 0,
+             "references": 0,
+             "status": "unused",
+           },
+           "spine": {
+             "constructionCalls": 1,
+             "files": [
+               "lib/docs/partner-surface-brand-check.ts",
+               "lib/docs/partner-surface-inventory.ts",
+               "packages/partners/src/core/identifiers.ts",
+               "packages/partners/src/core/types.ts",
+             ],
+             "guardCalls": 0,
+             "references": 7,
+             "status": "covered",
+           },
+         },
+         "status": "covered",
+       },
+       "description": "Canonical partner operator call sign",
+       "domain": "operations",
+       "envName": "PARTNER_CALL_SIGN_CODE",
+       "glossaryConcepts": [],
+       "guard": "BRAND_GUARDS.isPartnerCallSignCode",
+       "kind": "code",
+       "mint": [
+         "system-internal",
+         "wire-input",
+       ],
+       "module": "lib/types/branded/operations.ts",
+       "name": "PartnerCallSignCode",
+       "shortName": "partnerCallSignCode",
+       "tiers": [
+         "as",
+         "try",
+         "parse",
+       ],
+       "tone": "info",
+       "validation": {
+         "ingressNormalization": "trim",
+         "pattern": "^[A-Z]{3,6}-[0-9]{3}$",
+         "shape": "pattern",
+       },
+     },
+     {
+       "color": "#58a6ff",
+       "colorKey": "accent",
+       "constructors": {
+         "as": "asPartnerProfileVersionCode",
+         "parse": "parsePartnerProfileVersionCode",
+         "try": "tryPartnerProfileVersionCode",
+       },
+       "coverage": {
+         "constructors": {
+           "as": 1,
+           "parse": 0,
+           "try": 0,
+         },
+         "files": [
+           "packages/partners/src/core/identifiers.ts",
+           "packages/partners/src/core/types.ts",
+         ],
+         "guards": 0,
+         "references": 2,
+         "scopes": {
+           "projects": {
+             "constructionCalls": 0,
+             "files": [],
+             "guardCalls": 0,
+             "references": 0,
+             "status": "unused",
+           },
+           "spine": {
+             "constructionCalls": 1,
+             "files": [
+               "packages/partners/src/core/identifiers.ts",
+               "packages/partners/src/core/types.ts",
+             ],
+             "guardCalls": 0,
+             "references": 2,
+             "status": "covered",
+           },
+         },
+         "status": "covered",
+       },
+       "description": "Canonical partner profile document version",
+       "domain": "operations",
+       "envName": "PARTNER_PROFILE_VERSION_CODE",
+       "glossaryConcepts": [],
+       "guard": "BRAND_GUARDS.isPartnerProfileVersionCode",
+       "kind": "code",
+       "mint": [
+         "system-internal",
+         "wire-input",
+       ],
+       "module": "lib/types/branded/operations.ts",
+       "name": "PartnerProfileVersionCode",
+       "shortName": "partnerProfileVersionCode",
+       "tiers": [
+         "as",
+         "try",
+         "parse",
+       ],
+       "tone": "info",
+       "validation": {
+         "ingressNormalization": "trim",
+         "shape": "nonblank",
+       },
+     },
+     {
+       "color": "#58a6ff",
+       "colorKey": "accent",
+       "constructors": {
+         "as": "asPartnerTemplateId",
+         "parse": "parsePartnerTemplateId",
+         "try": "tryPartnerTemplateId",
+       },
+       "coverage": {
+         "constructors": {
+           "as": 11,
+           "parse": 0,
+           "try": 0,
+         },
+         "files": [
+           "lib/channels/outbox.ts",
+           "lib/docs/partner-surface-inventory.ts",
+           "lib/operations/onboarding-config.ts",
+           "lib/operations/ops-loop-fixture.ts",
+           "lib/operations/partner-onboard-package.ts",
+           "lib/operations/partner-onboarding.ts",
+           "lib/operations/partner-profile-bridge.ts",
+           "lib/operations/partner-profile-seed.ts",
+           "lib/partner-profile/bake.ts",
+           "lib/partner-profile/schema.ts",
+           "tools/ops-loop-live-proof.ts",
+         ],
+         "guards": 0,
+         "references": 32,
+         "scopes": {
+           "projects": {
+             "constructionCalls": 0,
+             "files": [],
+             "guardCalls": 0,
+             "references": 0,
+             "status": "unused",
+           },
+           "spine": {
+             "constructionCalls": 11,
+             "files": [
+               "lib/channels/outbox.ts",
+               "lib/docs/partner-surface-inventory.ts",
+               "lib/operations/onboarding-config.ts",
+               "lib/operations/ops-loop-fixture.ts",
+               "lib/operations/partner-onboard-package.ts",
+               "lib/operations/partner-onboarding.ts",
+               "lib/operations/partner-profile-bridge.ts",
+               "lib/operations/partner-profile-seed.ts",
+               "lib/partner-profile/bake.ts",
+               "lib/partner-profile/schema.ts",
+               "tools/ops-loop-live-proof.ts",
+             ],
+             "guardCalls": 0,
+             "references": 32,
+             "status": "covered",
+           },
+         },
+         "status": "covered",
+       },
+       "description": "Partner onboarding template identifier",
+       "domain": "operations",
+       "envName": "PARTNER_TEMPLATE_ID",
+       "glossaryConcepts": [],
+       "guard": "BRAND_GUARDS.isPartnerTemplateId",
+       "kind": "id",
+       "mint": [
+         "user-input",
+         "wire-input",
+       ],
+       "module": "lib/types/branded/operations.ts",
+       "name": "PartnerTemplateId",
+       "shortName": "partnerTemplateId",
+       "tiers": [
+         "as",
+         "try",
+         "parse",
+       ],
+       "tone": "info",
+       "validation": {
+         "ingressNormalization": "trim",
+         "shape": "nonblank",
+       },
+     },
+     {
+       "color": "#58a6ff",
+       "colorKey": "accent",
+       "constructors": {
+         "as": "asOutId",
+         "parse": "parseOutId",
+         "try": "tryOutId",
+       },
+       "coverage": {
+         "constructors": {
+           "as": 2,
+           "parse": 0,
+           "try": 1,
+         },
+         "files": [
+           "lib/docs/partner-surface-brand-check.ts",
+           "lib/docs/partner-surface-docs.ts",
+           "lib/docs/partner-surface-inventory.ts",
+           "lib/partner-profile/register.ts",
+           "packages/partners/src/adapters/tennis-capacity.ts",
+           "packages/partners/src/boundary/assemble-dashboard-artifact.ts",
+           "packages/partners/src/boundary/dashboard-artifact.ts",
+           "packages/partners/src/compatibility/ingress-translator.ts",
+           "packages/partners/src/compatibility/legacy-partners-ops.ts",
+           "packages/partners/src/core/identifiers.ts",
+           "packages/partners/src/core/out-capabilities.ts",
+           "packages/partners/src/core/types.ts",
+         ],
+         "guards": 0,
+         "references": 58,
+         "scopes": {
+           "projects": {
+             "constructionCalls": 0,
+             "files": [],
+             "guardCalls": 0,
+             "references": 0,
+             "status": "unused",
+           },
+           "spine": {
+             "constructionCalls": 3,
+             "files": [
+               "lib/docs/partner-surface-brand-check.ts",
+               "lib/docs/partner-surface-docs.ts",
+               "lib/docs/partner-surface-inventory.ts",
+               "lib/partner-profile/register.ts",
+               "packages/partners/src/adapters/tennis-capacity.ts",
+               "packages/partners/src/boundary/assemble-dashboard-artifact.ts",
+               "packages/partners/src/boundary/dashboard-artifact.ts",
+               "packages/partners/src/compatibility/ingress-translator.ts",
+               "packages/partners/src/compatibility/legacy-partners-ops.ts",
+               "packages/partners/src/core/identifiers.ts",
+               "packages/partners/src/core/out-capabilities.ts",
+               "packages/partners/src/core/types.ts",
+             ],
+             "guardCalls": 0,
+             "references": 58,
+             "status": "covered",
+           },
+         },
+         "status": "covered",
+       },
+       "description": "Canonical partner out identity (for example out-SPEN-1)",
+       "domain": "operations",
+       "envName": "OUT_ID",
+       "glossaryConcepts": [],
+       "guard": "BRAND_GUARDS.isOutId",
+       "kind": "id",
+       "mint": [
+         "system-internal",
+       ],
+       "module": "lib/types/branded/operations.ts",
+       "name": "OutId",
+       "shortName": "outId",
+       "tiers": [
+         "as",
+         "try",
+         "parse",
+       ],
+       "tone": "info",
+       "validation": {
+         "ingressNormalization": "trim",
+         "pattern": "^out-[A-Z]{3,6}-[1-9][0-9]*$",
+         "shape": "pattern",
+       },
+     },
+     {
+       "color": "#58a6ff",
+       "colorKey": "accent",
+       "constructors": {
+         "as": "asLedgerEntryId",
+         "parse": "parseLedgerEntryId",
+         "try": "tryLedgerEntryId",
+       },
+       "coverage": {
+         "constructors": {
+           "as": 1,
+           "parse": 2,
+           "try": 0,
+         },
+         "files": [
+           "packages/partners/src/boundary/dashboard-artifact.ts",
+           "packages/partners/src/core/identifiers.ts",
+           "packages/partners/src/core/types.ts",
+         ],
+         "guards": 0,
+         "references": 7,
+         "scopes": {
+           "projects": {
+             "constructionCalls": 0,
+             "files": [],
+             "guardCalls": 0,
+             "references": 0,
+             "status": "unused",
+           },
+           "spine": {
+             "constructionCalls": 3,
+             "files": [
+               "packages/partners/src/boundary/dashboard-artifact.ts",
+               "packages/partners/src/core/identifiers.ts",
+               "packages/partners/src/core/types.ts",
+             ],
+             "guardCalls": 0,
+             "references": 7,
+             "status": "covered",
+           },
+         },
+         "status": "covered",
+       },
+       "description": "Immutable partner ledger entry identity",
+       "domain": "operations",
+       "envName": "LEDGER_ENTRY_ID",
+       "glossaryConcepts": [],
+       "guard": "BRAND_GUARDS.isLedgerEntryId",
+       "kind": "id",
+       "mint": [
+         "system-internal",
+         "wire-input",
+       ],
+       "module": "lib/types/branded/operations.ts",
+       "name": "LedgerEntryId",
+       "shortName": "ledgerEntryId",
+       "tiers": [
+         "as",
+         "try",
+         "parse",
+       ],
+       "tone": "info",
+       "validation": {
+         "ingressNormalization": "trim",
+         "shape": "nonblank",
+       },
+     },
+     {
+       "color": "#58a6ff",
+       "colorKey": "accent",
+       "constructors": {
+         "as": "asCurrencyCode",
+         "parse": "parseCurrencyCode",
+         "try": "tryCurrencyCode",
+       },
+       "coverage": {
+         "constructors": {
+           "as": 1,
+           "parse": 7,
+           "try": 0,
+         },
+         "files": [
+           "packages/partners/src/adapters/limit-changes.ts",
+           "packages/partners/src/adapters/tennis-capacity.ts",
+           "packages/partners/src/boundary/dashboard-artifact.ts",
+           "packages/partners/src/boundary/out-capability-snapshot.ts",
+           "packages/partners/src/core/identifiers.ts",
+           "packages/partners/src/core/types.ts",
+           "projects/active/enterprise/fantasy42-fire22-registry/dashboard-worker/core/utils/formatters/currency.ts",
+           "projects/active/enterprise/fantasy42-fire22-registry/enterprise/packages/financial-reporting/financial-reporting/services/enhanced-regulatory-export-service.ts",
+         ],
+         "guards": 0,
+         "references": 23,
+         "scopes": {
+           "projects": {
+             "constructionCalls": 0,
+             "files": [
+               "projects/active/enterprise/fantasy42-fire22-registry/dashboard-worker/core/utils/formatters/currency.ts",
+               "projects/active/enterprise/fantasy42-fire22-registry/enterprise/packages/financial-reporting/financial-reporting/services/enhanced-regulatory-export-service.ts",
+             ],
+             "guardCalls": 0,
+             "references": 16,
+             "status": "referenced-unconstructed",
+           },
+           "spine": {
+             "constructionCalls": 8,
+             "files": [
+               "packages/partners/src/adapters/limit-changes.ts",
+               "packages/partners/src/adapters/tennis-capacity.ts",
+               "packages/partners/src/boundary/dashboard-artifact.ts",
+               "packages/partners/src/boundary/out-capability-snapshot.ts",
+               "packages/partners/src/core/identifiers.ts",
+               "packages/partners/src/core/types.ts",
+             ],
+             "guardCalls": 0,
+             "references": 7,
+             "status": "covered",
+           },
+         },
+         "status": "covered",
+       },
+       "description": "ISO-style currency code for minor-unit money",
+       "domain": "operations",
+       "envName": "CURRENCY_CODE",
+       "glossaryConcepts": [],
+       "guard": "BRAND_GUARDS.isCurrencyCode",
+       "kind": "code",
+       "mint": [
+         "system-internal",
+         "wire-input",
+       ],
+       "module": "lib/types/branded/operations.ts",
+       "name": "CurrencyCode",
+       "shortName": "currencyCode",
+       "tiers": [
+         "as",
+         "try",
+         "parse",
+       ],
+       "tone": "info",
+       "validation": {
+         "ingressNormalization": "trim-uppercase",
+         "pattern": "^[A-Z]{3}$",
+         "shape": "pattern",
+       },
+     },
+     {
+       "color": "#58a6ff",
+       "colorKey": "accent",
+       "constructors": {
+         "as": "asAttentionReasonCode",
+         "parse": "parseAttentionReasonCode",
+         "try": "tryAttentionReasonCode",
+       },
+       "coverage": {
+         "constructors": {
+           "as": 2,
+           "parse": 2,
+           "try": 0,
+         },
+         "files": [
+           "packages/partners/src/boundary/dashboard-artifact.ts",
+           "packages/partners/src/core/identifiers.ts",
+           "packages/partners/src/core/types.ts",
+           "scripts/validate-partner-dashboard-plan.ts",
+         ],
+         "guards": 0,
+         "references": 8,
+         "scopes": {
+           "projects": {
+             "constructionCalls": 0,
+             "files": [],
+             "guardCalls": 0,
+             "references": 0,
+             "status": "unused",
+           },
+           "spine": {
+             "constructionCalls": 4,
+             "files": [
+               "packages/partners/src/boundary/dashboard-artifact.ts",
+               "packages/partners/src/core/identifiers.ts",
+               "packages/partners/src/core/types.ts",
+               "scripts/validate-partner-dashboard-plan.ts",
+             ],
+             "guardCalls": 0,
+             "references": 8,
+             "status": "covered",
+           },
+         },
+         "status": "covered",
+       },
+       "description": "Stable machine-readable operator attention reason",
+       "domain": "operations",
+       "envName": "ATTENTION_REASON_CODE",
+       "glossaryConcepts": [],
+       "guard": "BRAND_GUARDS.isAttentionReasonCode",
+       "kind": "code",
+       "mint": [
+         "system-internal",
+         "wire-input",
+       ],
+       "module": "lib/types/branded/operations.ts",
+       "name": "AttentionReasonCode",
+       "shortName": "attentionReasonCode",
+       "tiers": [
+         "as",
+         "try",
+         "parse",
+       ],
+       "tone": "info",
+       "validation": {
+         "ingressNormalization": "trim",
+         "pattern": "^[a-z][a-z0-9]*(?:[._-][a-z0-9]+)+$",
+         "shape": "pattern",
+       },
+     },
+     {
+       "color": "#58a6ff",
+       "colorKey": "accent",
+       "constructors": {
+         "as": "asSourceSystemId",
+         "parse": "parseSourceSystemId",
+         "try": "trySourceSystemId",
+       },
+       "coverage": {
+         "constructors": {
+           "as": 2,
+           "parse": 10,
+           "try": 0,
+         },
+         "files": [
+           "packages/partners/src/adapters/limit-changes.ts",
+           "packages/partners/src/adapters/profile-coverage.ts",
+           "packages/partners/src/adapters/telegram-handshake.ts",
+           "packages/partners/src/adapters/tennis-capacity.ts",
+           "packages/partners/src/boundary/dashboard-artifact.ts",
+           "packages/partners/src/boundary/out-capability-snapshot.ts",
+           "packages/partners/src/compatibility/legacy-partners-ops.ts",
+           "packages/partners/src/core/identifiers.ts",
+           "packages/partners/src/core/types.ts",
+         ],
+         "guards": 0,
+         "references": 14,
+         "scopes": {
+           "projects": {
+             "constructionCalls": 0,
+             "files": [],
+             "guardCalls": 0,
+             "references": 0,
+             "status": "unused",
+           },
+           "spine": {
+             "constructionCalls": 12,
+             "files": [
+               "packages/partners/src/adapters/limit-changes.ts",
+               "packages/partners/src/adapters/profile-coverage.ts",
+               "packages/partners/src/adapters/telegram-handshake.ts",
+               "packages/partners/src/adapters/tennis-capacity.ts",
+               "packages/partners/src/boundary/dashboard-artifact.ts",
+               "packages/partners/src/boundary/out-capability-snapshot.ts",
+               "packages/partners/src/compatibility/legacy-partners-ops.ts",
+               "packages/partners/src/core/identifiers.ts",
+               "packages/partners/src/core/types.ts",
+             ],
+             "guardCalls": 0,
+             "references": 14,
+             "status": "covered",
+           },
+         },
+         "status": "covered",
+       },
+       "description": "Source-qualified system identity for provenance",
+       "domain": "operations",
+       "envName": "SOURCE_SYSTEM_ID",
+       "glossaryConcepts": [],
+       "guard": "BRAND_GUARDS.isSourceSystemId",
+       "kind": "id",
+       "mint": [
+         "system-internal",
+         "wire-input",
+       ],
+       "module": "lib/types/branded/operations.ts",
+       "name": "SourceSystemId",
+       "shortName": "sourceSystemId",
+       "tiers": [
+         "as",
+         "try",
+         "parse",
+       ],
+       "tone": "info",
+       "validation": {
+         "ingressNormalization": "trim",
+         "pattern": "^[a-z0-9][a-z0-9-]*$",
+         "shape": "pattern",
+       },
+     },
+     {
+       "color": "#58a6ff",
+       "colorKey": "accent",
+       "constructors": {
+         "as": "asAdapterId",
+         "parse": "parseAdapterId",
+         "try": "tryAdapterId",
+       },
+       "coverage": {
+         "constructors": {
+           "as": 1,
+           "parse": 9,
+           "try": 0,
+         },
+         "files": [
+           "packages/partners/src/adapters/limit-changes.ts",
+           "packages/partners/src/adapters/profile-coverage.ts",
+           "packages/partners/src/adapters/telegram-handshake.ts",
+           "packages/partners/src/adapters/tennis-capacity.ts",
+           "packages/partners/src/boundary/dashboard-artifact.ts",
+           "packages/partners/src/boundary/out-capability-snapshot.ts",
+           "packages/partners/src/compatibility/legacy-partners-ops.ts",
+           "packages/partners/src/core/identifiers.ts",
+           "packages/partners/src/core/types.ts",
+         ],
+         "guards": 0,
+         "references": 12,
+         "scopes": {
+           "projects": {
+             "constructionCalls": 0,
+             "files": [],
+             "guardCalls": 0,
+             "references": 0,
+             "status": "unused",
+           },
+           "spine": {
+             "constructionCalls": 10,
+             "files": [
+               "packages/partners/src/adapters/limit-changes.ts",
+               "packages/partners/src/adapters/profile-coverage.ts",
+               "packages/partners/src/adapters/telegram-handshake.ts",
+               "packages/partners/src/adapters/tennis-capacity.ts",
+               "packages/partners/src/boundary/dashboard-artifact.ts",
+               "packages/partners/src/boundary/out-capability-snapshot.ts",
+               "packages/partners/src/compatibility/legacy-partners-ops.ts",
+               "packages/partners/src/core/identifiers.ts",
+               "packages/partners/src/core/types.ts",
+             ],
+             "guardCalls": 0,
+             "references": 12,
+             "status": "covered",
+           },
+         },
+         "status": "covered",
+       },
+       "description": "Adapter implementation identity for provenance",
+       "domain": "operations",
+       "envName": "ADAPTER_ID",
+       "glossaryConcepts": [],
+       "guard": "BRAND_GUARDS.isAdapterId",
+       "kind": "id",
+       "mint": [
+         "system-internal",
+         "wire-input",
+       ],
+       "module": "lib/types/branded/operations.ts",
+       "name": "AdapterId",
+       "shortName": "adapterId",
+       "tiers": [
+         "as",
+         "try",
+         "parse",
+       ],
+       "tone": "info",
+       "validation": {
+         "ingressNormalization": "trim",
+         "pattern": "^[a-z0-9][a-z0-9-]*$",
+         "shape": "pattern",
+       },
+     },
+     {
+       "color": "#58a6ff",
+       "colorKey": "accent",
+       "constructors": {
+         "as": "asExternalPartnerId",
+         "parse": "parseExternalPartnerId",
+         "try": "tryExternalPartnerId",
+       },
+       "coverage": {
+         "constructors": {
+           "as": 1,
+           "parse": 2,
+           "try": 0,
+         },
+         "files": [
+           "lib/docs/partner-surface-inventory.ts",
+           "packages/partners/src/boundary/dashboard-artifact.ts",
+           "packages/partners/src/core/identifiers.ts",
+           "packages/partners/src/core/types.ts",
+         ],
+         "guards": 0,
+         "references": 13,
+         "scopes": {
+           "projects": {
+             "constructionCalls": 0,
+             "files": [],
+             "guardCalls": 0,
+             "references": 0,
+             "status": "unused",
+           },
+           "spine": {
+             "constructionCalls": 3,
+             "files": [
+               "lib/docs/partner-surface-inventory.ts",
+               "packages/partners/src/boundary/dashboard-artifact.ts",
+               "packages/partners/src/core/identifiers.ts",
+               "packages/partners/src/core/types.ts",
+             ],
+             "guardCalls": 0,
+             "references": 13,
+             "status": "covered",
+           },
+         },
+         "status": "covered",
+       },
+       "description": "Source-owned non-canonical partner identity",
+       "domain": "operations",
+       "envName": "EXTERNAL_PARTNER_ID",
+       "glossaryConcepts": [],
+       "guard": "BRAND_GUARDS.isExternalPartnerId",
+       "kind": "id",
+       "mint": [
+         "wire-input",
+       ],
+       "module": "lib/types/branded/operations.ts",
+       "name": "ExternalPartnerId",
+       "shortName": "externalPartnerId",
+       "tiers": [
+         "as",
+         "try",
+         "parse",
+       ],
+       "tone": "info",
+       "validation": {
+         "ingressNormalization": "trim",
+         "shape": "nonblank",
+       },
+     },
+     {
+       "color": "#58a6ff",
+       "colorKey": "accent",
+       "constructors": {
+         "as": "asExternalAccountId",
+         "parse": "parseExternalAccountId",
+         "try": "tryExternalAccountId",
+       },
+       "coverage": {
+         "constructors": {
+           "as": 1,
+           "parse": 2,
+           "try": 0,
+         },
+         "files": [
+           "packages/partners/src/boundary/dashboard-artifact.ts",
+           "packages/partners/src/core/identifiers.ts",
+           "packages/partners/src/core/types.ts",
+         ],
+         "guards": 0,
+         "references": 6,
+         "scopes": {
+           "projects": {
+             "constructionCalls": 0,
+             "files": [],
+             "guardCalls": 0,
+             "references": 0,
+             "status": "unused",
+           },
+           "spine": {
+             "constructionCalls": 3,
+             "files": [
+               "packages/partners/src/boundary/dashboard-artifact.ts",
+               "packages/partners/src/core/identifiers.ts",
+               "packages/partners/src/core/types.ts",
+             ],
+             "guardCalls": 0,
+             "references": 6,
+             "status": "covered",
+           },
+         },
+         "status": "covered",
+       },
+       "description": "Source-owned non-canonical account identity",
+       "domain": "operations",
+       "envName": "EXTERNAL_ACCOUNT_ID",
+       "glossaryConcepts": [],
+       "guard": "BRAND_GUARDS.isExternalAccountId",
+       "kind": "id",
+       "mint": [
+         "wire-input",
+       ],
+       "module": "lib/types/branded/operations.ts",
+       "name": "ExternalAccountId",
+       "shortName": "externalAccountId",
+       "tiers": [
+         "as",
+         "try",
+         "parse",
+       ],
+       "tone": "info",
+       "validation": {
+         "ingressNormalization": "trim",
+         "shape": "nonblank",
+       },
+     },
+     {
+       "color": "#58a6ff",
+       "colorKey": "accent",
+       "constructors": {
+         "as": "asGateDecisionId",
+         "parse": "parseGateDecisionId",
+         "try": "tryGateDecisionId",
+       },
+       "coverage": {
+         "constructors": {
+           "as": 4,
+           "parse": 0,
+           "try": 0,
+         },
+         "files": [
+           "lib/docs/bun-brand-usages.ts",
+           "lib/operations/ops-loop-gate-backfill.ts",
+           "lib/operations/partner-profile-bridge.ts",
+           "lib/operations/play-dispatcher.ts",
+         ],
+         "guards": 0,
+         "references": 4,
+         "scopes": {
+           "projects": {
+             "constructionCalls": 0,
+             "files": [],
+             "guardCalls": 0,
+             "references": 0,
+             "status": "unused",
+           },
+           "spine": {
+             "constructionCalls": 4,
+             "files": [
+               "lib/docs/bun-brand-usages.ts",
+               "lib/operations/ops-loop-gate-backfill.ts",
+               "lib/operations/partner-profile-bridge.ts",
+               "lib/operations/play-dispatcher.ts",
+             ],
+             "guardCalls": 0,
+             "references": 4,
+             "status": "covered",
+           },
+         },
+         "status": "covered",
+       },
+       "description": "Policy gate decision row for play dispatch",
+       "domain": "operations",
+       "envName": "GATE_DECISION_ID",
+       "glossaryConcepts": [],
+       "guard": "BRAND_GUARDS.isGateDecisionId",
+       "kind": "id",
+       "mint": [
+         "system-internal",
+       ],
+       "module": "lib/types/branded/operations.ts",
+       "name": "GateDecisionId",
+       "shortName": "gateDecisionId",
+       "tiers": [
+         "as",
+         "try",
+         "parse",
+       ],
+       "tone": "info",
+       "validation": {
+         "ingressNormalization": "trim",
+         "shape": "nonblank",
+       },
+     },
+     {
+       "color": "#58a6ff",
+       "colorKey": "accent",
+       "constructors": {
+         "as": "asOpsChannelEventId",
+         "parse": "parseOpsChannelEventId",
+         "try": "tryOpsChannelEventId",
+       },
+       "coverage": {
+         "constructors": {
+           "as": 1,
+           "parse": 0,
+           "try": 0,
+         },
+         "files": [
+           "lib/channels/ops-channel-event.ts",
+           "lib/channels/outbox.ts",
+           "lib/docs/bun-brand-usages.ts",
+         ],
+         "guards": 0,
+         "references": 4,
+         "scopes": {
+           "projects": {
+             "constructionCalls": 0,
+             "files": [],
+             "guardCalls": 0,
+             "references": 0,
+             "status": "unused",
+           },
+           "spine": {
+             "constructionCalls": 1,
+             "files": [
+               "lib/channels/ops-channel-event.ts",
+               "lib/channels/outbox.ts",
+               "lib/docs/bun-brand-usages.ts",
+             ],
+             "guardCalls": 0,
+             "references": 4,
+             "status": "covered",
+           },
+         },
+         "status": "covered",
+       },
+       "description": "Unified ops channel outbox event id",
+       "domain": "operations",
+       "envName": "OPS_CHANNEL_EVENT_ID",
+       "glossaryConcepts": [],
+       "guard": "BRAND_GUARDS.isOpsChannelEventId",
+       "kind": "id",
+       "mint": [
+         "system-internal",
+       ],
+       "module": "lib/types/branded/operations.ts",
+       "name": "OpsChannelEventId",
+       "shortName": "opsChannelEventId",
+       "tiers": [
+         "as",
+         "try",
+         "parse",
+       ],
+       "tone": "info",
+       "validation": {
+         "ingressNormalization": "trim",
+         "shape": "nonblank",
+       },
+     },
+     {
+       "color": "#58a6ff",
+       "colorKey": "accent",
+       "constructors": {
+         "as": "asLimitForecastIssueId",
+         "parse": "parseLimitForecastIssueId",
+         "try": "tryLimitForecastIssueId",
+       },
+       "coverage": {
+         "constructors": {
+           "as": 3,
+           "parse": 0,
+           "try": 0,
+         },
+         "files": [
+           "lib/docs/bun-brand-usages.ts",
+           "lib/prediction/limit-forecast-evidence.ts",
+         ],
+         "guards": 0,
+         "references": 5,
+         "scopes": {
+           "projects": {
+             "constructionCalls": 0,
+             "files": [],
+             "guardCalls": 0,
+             "references": 0,
+             "status": "unused",
+           },
+           "spine": {
+             "constructionCalls": 3,
+             "files": [
+               "lib/docs/bun-brand-usages.ts",
+               "lib/prediction/limit-forecast-evidence.ts",
+             ],
+             "guardCalls": 0,
+             "references": 5,
+             "status": "covered",
+           },
+         },
+         "status": "covered",
+       },
+       "description": "Immutable issued limit forecast identity",
+       "domain": "operations",
+       "envName": "LIMIT_FORECAST_ISSUE_ID",
+       "glossaryConcepts": [],
+       "guard": "BRAND_GUARDS.isLimitForecastIssueId",
+       "kind": "id",
+       "mint": [
+         "system-internal",
+       ],
+       "module": "lib/types/branded/operations.ts",
+       "name": "LimitForecastIssueId",
+       "shortName": "limitForecastIssueId",
+       "tiers": [
+         "as",
+         "try",
+         "parse",
+       ],
+       "tone": "info",
+       "validation": {
+         "ingressNormalization": "trim",
+         "shape": "nonblank",
+       },
+     },
+     {
+       "color": "#58a6ff",
+       "colorKey": "accent",
+       "constructors": {
+         "as": "asEventId",
+         "parse": "parseEventId",
+         "try": "tryEventId",
+       },
+       "coverage": {
+         "constructors": {
+           "as": 1,
+           "parse": 0,
+           "try": 2,
+         },
+         "files": [
+           "lib/operator-research/agent-odds-http.ts",
+           "lib/operator-research/bet-mock.ts",
+           "lib/operator-research/edge-engine.ts",
+         ],
+         "guards": 0,
+         "references": 6,
+         "scopes": {
+           "projects": {
+             "constructionCalls": 0,
+             "files": [],
+             "guardCalls": 0,
+             "references": 0,
+             "status": "unused",
+           },
+           "spine": {
+             "constructionCalls": 3,
+             "files": [
+               "lib/operator-research/agent-odds-http.ts",
+               "lib/operator-research/bet-mock.ts",
+               "lib/operator-research/edge-engine.ts",
+             ],
+             "guardCalls": 0,
+             "references": 6,
+             "status": "covered",
+           },
+         },
+         "status": "covered",
+       },
+       "description": "Synthetic or live odds event identity",
+       "domain": "operations",
+       "envName": "EVENT_ID",
+       "glossaryConcepts": [],
+       "guard": "BRAND_GUARDS.isEventId",
+       "kind": "id",
+       "mint": [
+         "system-internal",
+         "wire-input",
+       ],
+       "module": "lib/types/branded/operations.ts",
+       "name": "EventId",
+       "shortName": "eventId",
+       "tiers": [
+         "as",
+         "try",
+         "parse",
+       ],
+       "tone": "info",
+       "validation": {
+         "ingressNormalization": "trim",
+         "shape": "nonblank",
+       },
+     },
+     {
+       "color": "#58a6ff",
+       "colorKey": "accent",
+       "constructors": {
+         "as": "asEdgeId",
+         "parse": "parseEdgeId",
+         "try": "tryEdgeId",
+       },
+       "coverage": {
+         "constructors": {
+           "as": 3,
+           "parse": 0,
+           "try": 1,
+         },
+         "files": [
+           "lib/operator-research/agent-odds-http.ts",
+           "lib/operator-research/bet-mock.ts",
+           "lib/operator-research/edge-engine.ts",
+         ],
+         "guards": 0,
+         "references": 5,
+         "scopes": {
+           "projects": {
+             "constructionCalls": 0,
+             "files": [],
+             "guardCalls": 0,
+             "references": 0,
+             "status": "unused",
+           },
+           "spine": {
+             "constructionCalls": 4,
+             "files": [
+               "lib/operator-research/agent-odds-http.ts",
+               "lib/operator-research/bet-mock.ts",
+               "lib/operator-research/edge-engine.ts",
+             ],
+             "guardCalls": 0,
+             "references": 5,
+             "status": "covered",
+           },
+         },
+         "status": "covered",
+       },
+       "description": "Detected betting-edge opportunity identity",
+       "domain": "operations",
+       "envName": "EDGE_ID",
+       "glossaryConcepts": [],
+       "guard": "BRAND_GUARDS.isEdgeId",
+       "kind": "id",
+       "mint": [
+         "system-internal",
+         "wire-input",
+       ],
+       "module": "lib/types/branded/operations.ts",
+       "name": "EdgeId",
+       "shortName": "edgeId",
+       "tiers": [
+         "as",
+         "try",
+         "parse",
+       ],
+       "tone": "info",
+       "validation": {
+         "ingressNormalization": "trim",
+         "shape": "nonblank",
+       },
+     },
+     {
+       "color": "#58a6ff",
+       "colorKey": "accent",
+       "constructors": {
+         "as": "asSportsbookId",
+         "parse": "parseSportsbookId",
+         "try": "trySportsbookId",
+       },
+       "coverage": {
+         "constructors": {
+           "as": 44,
+           "parse": 29,
+           "try": 8,
+         },
+         "files": [
+           "lib/bookmakers/desk-coverage.ts",
+           "lib/bookmakers/merged-registry.ts",
+           "lib/operations/baseline-sportsbook-policies.ts",
+           "lib/operations/phone-sportsbook-journal.ts",
+           "lib/operations/scrapers/book-scrape-agent.ts",
+           "lib/operations/scrapers/books/bet365.ts",
+           "lib/operations/scrapers/books/betmgm.ts",
+           "lib/operations/scrapers/books/betrivers.ts",
+           "lib/operations/scrapers/books/caesars.ts",
+           "lib/operations/scrapers/books/circa.ts",
+           "lib/operations/scrapers/books/draftkings-parse.ts",
+           "lib/operations/scrapers/books/draftkings.ts",
+         ],
+         "guards": 0,
+         "references": 90,
+         "scopes": {
+           "projects": {
+             "constructionCalls": 0,
+             "files": [],
+             "guardCalls": 0,
+             "references": 0,
+             "status": "unused",
+           },
+           "spine": {
+             "constructionCalls": 81,
+             "files": [
+               "lib/bookmakers/desk-coverage.ts",
+               "lib/bookmakers/merged-registry.ts",
+               "lib/operations/baseline-sportsbook-policies.ts",
+               "lib/operations/phone-sportsbook-journal.ts",
+               "lib/operations/scrapers/book-scrape-agent.ts",
+               "lib/operations/scrapers/books/bet365.ts",
+               "lib/operations/scrapers/books/betmgm.ts",
+               "lib/operations/scrapers/books/betrivers.ts",
+               "lib/operations/scrapers/books/caesars.ts",
+               "lib/operations/scrapers/books/circa.ts",
+               "lib/operations/scrapers/books/draftkings-parse.ts",
+               "lib/operations/scrapers/books/draftkings.ts",
+             ],
+             "guardCalls": 0,
+             "references": 90,
+             "status": "covered",
+           },
+         },
+         "status": "covered",
+       },
+       "description": "Canonical sportsbook slug for limits, policy, and scrape registries",
+       "domain": "operations",
+       "envName": "SPORTSBOOK_ID",
+       "glossaryConcepts": [
+         "scrape.book",
+       ],
+       "guard": "BRAND_GUARDS.isSportsbookId",
+       "kind": "id",
+       "mint": [
+         "system-internal",
+         "wire-input",
+       ],
+       "module": "lib/types/branded/operations.ts",
+       "name": "SportsbookId",
+       "shortName": "sportsbookId",
+       "tiers": [
+         "as",
+         "try",
+         "parse",
+       ],
+       "tone": "info",
+       "validation": {
+         "ingressNormalization": "trim",
+         "pattern": "^[a-z0-9][a-z0-9-]*$",
+         "shape": "pattern",
+       },
+     },
+     {
+       "color": "#58a6ff",
+       "colorKey": "accent",
+       "constructors": {
+         "as": "asStateCode",
+         "parse": "parseStateCode",
+         "try": "tryStateCode",
+       },
+       "coverage": {
+         "constructors": {
+           "as": 61,
+           "parse": 0,
+           "try": 10,
+         },
+         "files": [
+           "lib/operations/account-limit-profiles.ts",
+           "lib/operations/baseline-regulatory-seed.ts",
+           "lib/operations/baseline-scraped-limits.ts",
+           "lib/operations/baseline-sportsbook-policies.ts",
+           "lib/operations/limit-patterns.ts",
+           "lib/operations/partner-compliance-onboard.ts",
+           "lib/operations/phone-sportsbook-journal.ts",
+           "lib/operations/play-dispatcher.ts",
+           "lib/operations/regulation-policy-catalog.ts",
+           "lib/operations/scrapers/books/bet365.ts",
+           "lib/operations/scrapers/books/betmgm.ts",
+           "lib/operations/scrapers/books/betrivers.ts",
+         ],
+         "guards": 0,
+         "references": 69,
+         "scopes": {
+           "projects": {
+             "constructionCalls": 0,
+             "files": [],
+             "guardCalls": 0,
+             "references": 0,
+             "status": "unused",
+           },
+           "spine": {
+             "constructionCalls": 71,
+             "files": [
+               "lib/operations/account-limit-profiles.ts",
+               "lib/operations/baseline-regulatory-seed.ts",
+               "lib/operations/baseline-scraped-limits.ts",
+               "lib/operations/baseline-sportsbook-policies.ts",
+               "lib/operations/limit-patterns.ts",
+               "lib/operations/partner-compliance-onboard.ts",
+               "lib/operations/phone-sportsbook-journal.ts",
+               "lib/operations/play-dispatcher.ts",
+               "lib/operations/regulation-policy-catalog.ts",
+               "lib/operations/scrapers/books/bet365.ts",
+               "lib/operations/scrapers/books/betmgm.ts",
+               "lib/operations/scrapers/books/betrivers.ts",
+             ],
+             "guardCalls": 0,
+             "references": 69,
+             "status": "covered",
+           },
+         },
+         "status": "covered",
+       },
+       "description": "US state jurisdiction code for regulatory scoping (MA, NJ, …)",
+       "domain": "operations",
+       "envName": "STATE_CODE",
+       "glossaryConcepts": [
+         "scrape.jurisdiction",
+       ],
+       "guard": "BRAND_GUARDS.isStateCode",
+       "kind": "code",
+       "mint": [
+         "user-input",
+         "wire-input",
+       ],
+       "module": "lib/types/branded/operations.ts",
+       "name": "StateCode",
+       "shortName": "stateCode",
+       "tiers": [
+         "as",
+         "try",
+         "parse",
+       ],
+       "tone": "info",
+       "validation": {
+         "ingressNormalization": "trim-uppercase",
+         "pattern": "^[A-Z]{2}$",
+         "shape": "pattern",
+       },
+     },
+     {
+       "color": "#58a6ff",
+       "colorKey": "accent",
+       "constructors": {
+         "as": "asZipCode",
+         "parse": "parseZipCode",
+         "try": "tryZipCode",
+       },
+       "coverage": {
+         "constructors": {
+           "as": 11,
+           "parse": 0,
+           "try": 4,
+         },
+         "files": [
+           "lib/operations/account-limit-profiles.ts",
+           "lib/operations/limit-patterns.ts",
+           "lib/operations/state-regulation.ts",
+         ],
+         "guards": 0,
+         "references": 12,
+         "scopes": {
+           "projects": {
+             "constructionCalls": 0,
+             "files": [],
+             "guardCalls": 0,
+             "references": 0,
+             "status": "unused",
+           },
+           "spine": {
+             "constructionCalls": 15,
+             "files": [
+               "lib/operations/account-limit-profiles.ts",
+               "lib/operations/limit-patterns.ts",
+               "lib/operations/state-regulation.ts",
+             ],
+             "guardCalls": 0,
+             "references": 12,
+             "status": "covered",
+           },
+         },
+         "status": "covered",
+       },
+       "description": "US ZIP or ZIP+4 postal code (discrete geo column)",
+       "domain": "operations",
+       "envName": "ZIP_CODE",
+       "glossaryConcepts": [],
+       "guard": "BRAND_GUARDS.isZipCode",
+       "kind": "code",
+       "mint": [
+         "user-input",
+         "wire-input",
+       ],
+       "module": "lib/types/branded/operations.ts",
+       "name": "ZipCode",
+       "shortName": "zipCode",
+       "tiers": [
+         "as",
+         "try",
+         "parse",
+       ],
+       "tone": "info",
+       "validation": {
+         "ingressNormalization": "trim",
+         "pattern": "^\d{5}(-\d{4})?$",
+         "shape": "pattern",
+       },
+     },
+     {
+       "color": "#3fb950",
+       "colorKey": "green",
+       "constructors": {
+         "as": "asPortalTenantId",
+         "parse": "parsePortalTenantId",
+         "try": "tryPortalTenantId",
+       },
+       "coverage": {
+         "constructors": {
+           "as": 7,
+           "parse": 0,
+           "try": 0,
+         },
+         "files": [
+           "config/tenants.ts",
+           "lib/accounts/account-r2-store.ts",
+           "lib/accounts/account-types.ts",
+           "lib/accounts/accounts.ts",
+           "lib/accounts/memory-account-store.ts",
+           "lib/auth/session.ts",
+           "lib/channels/channels.ts",
+           "lib/identity/identity.ts",
+           "lib/telegram/link-nonce.ts",
+         ],
+         "guards": 1,
+         "references": 31,
+         "scopes": {
+           "projects": {
+             "constructionCalls": 0,
+             "files": [],
+             "guardCalls": 0,
+             "references": 0,
+             "status": "unused",
+           },
+           "spine": {
+             "constructionCalls": 7,
+             "files": [
+               "config/tenants.ts",
+               "lib/accounts/account-r2-store.ts",
+               "lib/accounts/account-types.ts",
+               "lib/accounts/accounts.ts",
+               "lib/accounts/memory-account-store.ts",
+               "lib/auth/session.ts",
+               "lib/channels/channels.ts",
+               "lib/identity/identity.ts",
+               "lib/telegram/link-nonce.ts",
+             ],
+             "guardCalls": 1,
+             "references": 31,
+             "status": "covered",
+           },
+         },
+         "status": "covered",
+       },
+       "description": "Multi-tenant portal tenant key (factory | science | tennis)",
+       "domain": "portal",
+       "envName": "PORTAL_TENANT_ID",
+       "glossaryConcepts": [],
+       "guard": "BRAND_GUARDS.isPortalTenantId",
+       "kind": "id",
+       "mint": [
+         "user-input",
+         "wire-input",
+       ],
+       "module": "lib/types/branded/portal.ts",
+       "name": "PortalTenantId",
+       "shortName": "portalTenantId",
+       "tiers": [
+         "as",
+         "try",
+         "parse",
+       ],
+       "tone": "ok",
+       "validation": {
+         "ingressNormalization": "trim",
+         "shape": "nonblank",
+       },
+     },
+     {
+       "color": "#3fb950",
+       "colorKey": "green",
+       "constructors": {
+         "as": "asTelegramUserId",
+         "parse": "parseTelegramUserId",
+         "try": "tryTelegramUserId",
+       },
+       "coverage": {
+         "constructors": {
+           "as": 10,
+           "parse": 0,
+           "try": 0,
+         },
+         "files": [
+           "lib/accounts/account-r2-store.ts",
+           "lib/accounts/account-types.ts",
+           "lib/accounts/accounts.ts",
+           "lib/accounts/memory-account-store.ts",
+           "lib/identity/jit.ts",
+           "lib/telegram/bot.ts",
+           "lib/telegram/brands.ts",
+           "lib/telegram/ops-bot.ts",
+           "lib/telegram/ops-commands.ts",
+           "tools/identity-admin.ts",
+           "tools/telegram-ops-consumer.ts",
+         ],
+         "guards": 0,
+         "references": 20,
+         "scopes": {
+           "projects": {
+             "constructionCalls": 0,
+             "files": [],
+             "guardCalls": 0,
+             "references": 0,
+             "status": "unused",
+           },
+           "spine": {
+             "constructionCalls": 10,
+             "files": [
+               "lib/accounts/account-r2-store.ts",
+               "lib/accounts/account-types.ts",
+               "lib/accounts/accounts.ts",
+               "lib/accounts/memory-account-store.ts",
+               "lib/identity/jit.ts",
+               "lib/telegram/bot.ts",
+               "lib/telegram/brands.ts",
+               "lib/telegram/ops-bot.ts",
+               "lib/telegram/ops-commands.ts",
+               "tools/identity-admin.ts",
+               "tools/telegram-ops-consumer.ts",
+             ],
+             "guardCalls": 0,
+             "references": 20,
+             "status": "covered",
+           },
+         },
+         "status": "covered",
+       },
+       "description": "Telegram user id from Bot API",
+       "domain": "portal",
+       "envName": "TELEGRAM_USER_ID",
+       "glossaryConcepts": [],
+       "guard": "BRAND_GUARDS.isTelegramUserId",
+       "kind": "id",
+       "mint": [
+         "wire-input",
+       ],
+       "module": "lib/types/branded/portal.ts",
+       "name": "TelegramUserId",
+       "shortName": "telegramUserId",
+       "tiers": [
+         "as",
+         "try",
+         "parse",
+       ],
+       "tone": "ok",
+       "validation": {
+         "ingressNormalization": "trim",
+         "shape": "nonblank",
+       },
+     },
+     {
+       "color": "#3fb950",
+       "colorKey": "green",
+       "constructors": {
+         "as": "asTelegramChatId",
+         "parse": "parseTelegramChatId",
+         "try": "tryTelegramChatId",
+       },
+       "coverage": {
+         "constructors": {
+           "as": 0,
+           "parse": 0,
+           "try": 0,
+         },
+         "files": [],
+         "guards": 0,
+         "references": 0,
+         "scopes": {
+           "projects": {
+             "constructionCalls": 0,
+             "files": [],
+             "guardCalls": 0,
+             "references": 0,
+             "status": "unused",
+           },
+           "spine": {
+             "constructionCalls": 0,
+             "files": [],
+             "guardCalls": 0,
+             "references": 0,
+             "status": "unused",
+           },
+         },
+         "status": "unused",
+       },
+       "description": "Telegram chat_id from Bot API (msg.chat.id / callback query)",
+       "domain": "portal",
+       "envName": "TELEGRAM_CHAT_ID",
+       "glossaryConcepts": [],
+       "guard": "BRAND_GUARDS.isTelegramChatId",
+       "kind": "id",
+       "mint": [
+         "wire-input",
+       ],
+       "module": "lib/types/branded/portal.ts",
+       "name": "TelegramChatId",
+       "shortName": "telegramChatId",
+       "tiers": [
+         "as",
+         "try",
+         "parse",
+       ],
+       "tone": "ok",
+       "validation": {
+         "ingressNormalization": "trim",
+         "shape": "nonblank",
+       },
+     },
+     {
+       "color": "#3fb950",
+       "colorKey": "green",
+       "constructors": {
+         "as": "asPortalAccountId",
+         "parse": "parsePortalAccountId",
+         "try": "tryPortalAccountId",
+       },
+       "coverage": {
+         "constructors": {
+           "as": 4,
+           "parse": 0,
+           "try": 0,
+         },
+         "files": [
+           "lib/accounts/account-r2-store.ts",
+           "lib/accounts/account-types.ts",
+           "lib/accounts/memory-account-store.ts",
+           "lib/auth/session.ts",
+           "lib/telegram/link-nonce.ts",
+         ],
+         "guards": 1,
+         "references": 18,
+         "scopes": {
+           "projects": {
+             "constructionCalls": 0,
+             "files": [],
+             "guardCalls": 0,
+             "references": 0,
+             "status": "unused",
+           },
+           "spine": {
+             "constructionCalls": 4,
+             "files": [
+               "lib/accounts/account-r2-store.ts",
+               "lib/accounts/account-types.ts",
+               "lib/accounts/memory-account-store.ts",
+               "lib/auth/session.ts",
+               "lib/telegram/link-nonce.ts",
+             ],
+             "guardCalls": 1,
+             "references": 18,
+             "status": "covered",
+           },
+         },
+         "status": "covered",
+       },
+       "description": "Portal user account primary key (UUID v7)",
+       "domain": "portal",
+       "envName": "PORTAL_ACCOUNT_ID",
+       "glossaryConcepts": [],
+       "guard": "BRAND_GUARDS.isPortalAccountId",
+       "kind": "id",
+       "mint": [
+         "system-internal",
+       ],
+       "module": "lib/types/branded/portal.ts",
+       "name": "PortalAccountId",
+       "shortName": "portalAccountId",
+       "tiers": [
+         "as",
+         "try",
+         "parse",
+       ],
+       "tone": "ok",
+       "validation": {
+         "ingressNormalization": "trim",
+         "shape": "nonblank",
+       },
+     },
+     {
+       "color": "#3fb950",
+       "colorKey": "green",
+       "constructors": {
+         "as": "asLinkNonceId",
+         "parse": "parseLinkNonceId",
+         "try": "tryLinkNonceId",
+       },
+       "coverage": {
+         "constructors": {
+           "as": 0,
+           "parse": 0,
+           "try": 0,
+         },
+         "files": [],
+         "guards": 0,
+         "references": 0,
+         "scopes": {
+           "projects": {
+             "constructionCalls": 0,
+             "files": [],
+             "guardCalls": 0,
+             "references": 0,
+             "status": "unused",
+           },
+           "spine": {
+             "constructionCalls": 0,
+             "files": [],
+             "guardCalls": 0,
+             "references": 0,
+             "status": "unused",
+           },
+         },
+         "status": "unused",
+       },
+       "description": "Telegram link nonce for account binding",
+       "domain": "portal",
+       "envName": "LINK_NONCE_ID",
+       "glossaryConcepts": [],
+       "guard": "BRAND_GUARDS.isLinkNonceId",
+       "kind": "id",
+       "mint": [
+         "system-internal",
+       ],
+       "module": "lib/types/branded/portal.ts",
+       "name": "LinkNonceId",
+       "shortName": "linkNonceId",
+       "tiers": [
+         "as",
+         "try",
+         "parse",
+       ],
+       "tone": "ok",
+       "validation": {
+         "ingressNormalization": "trim",
+         "shape": "nonblank",
+       },
+     },
+     {
+       "color": "#3fb950",
+       "colorKey": "green",
+       "constructors": {
+         "as": "asDomId",
+         "parse": "parseDomId",
+         "try": "tryDomId",
+       },
+       "coverage": {
+         "constructors": {
+           "as": 9,
+           "parse": 0,
+           "try": 0,
+         },
+         "files": [
+           "lib/portal/page-glossary.ts",
+           "lib/portal/partner-routes.ts",
+         ],
+         "guards": 0,
+         "references": 4,
+         "scopes": {
+           "projects": {
+             "constructionCalls": 0,
+             "files": [],
+             "guardCalls": 0,
+             "references": 0,
+             "status": "unused",
+           },
+           "spine": {
+             "constructionCalls": 9,
+             "files": [
+               "lib/portal/page-glossary.ts",
+               "lib/portal/partner-routes.ts",
+             ],
+             "guardCalls": 0,
+             "references": 4,
+             "status": "covered",
+           },
+         },
+         "status": "covered",
+       },
+       "description": "Owned portal DOM mount id used by glossary section routing",
+       "domain": "portal",
+       "envName": "DOM_ID",
+       "glossaryConcepts": [],
+       "guard": "BRAND_GUARDS.isDomId",
+       "kind": "id",
+       "mint": [
+         "system-internal",
+       ],
+       "module": "lib/types/branded/portal.ts",
+       "name": "DomId",
+       "shortName": "domId",
+       "tiers": [
+         "as",
+         "try",
+         "parse",
+       ],
+       "tone": "ok",
+       "validation": {
+         "ingressNormalization": "trim",
+         "shape": "nonblank",
+       },
+     },
+     {
+       "color": "#a371f7",
+       "colorKey": "purple",
+       "constructors": {
+         "as": "asHostId",
+         "parse": "parseHostId",
+         "try": "tryHostId",
+       },
+       "coverage": {
+         "constructors": {
+           "as": 5,
+           "parse": 1,
+           "try": 9,
+         },
+         "files": [
+           "lib/http/bun-serve-lifecycle.ts",
+           "lib/http/bun-serve-shape.ts",
+           "lib/http/host-lineage.ts",
+           "lib/http/host-planes.ts",
+           "lib/http/portal-weave.ts",
+           "lib/operator-research/odds/connection-pool.ts",
+           "lib/operator-research/odds/odds-parser.ts",
+           "lib/operator-research/odds/odds-store.ts",
+           "lib/operator-research/odds/pipeline.ts",
+           "lib/operator-research/odds/types.ts",
+           "lib/surfaces/inventory.ts",
+           "lib/verification/cloudflare-access-live.ts",
+         ],
+         "guards": 0,
+         "references": 58,
+         "scopes": {
+           "projects": {
+             "constructionCalls": 0,
+             "files": [],
+             "guardCalls": 0,
+             "references": 0,
+             "status": "unused",
+           },
+           "spine": {
+             "constructionCalls": 15,
+             "files": [
+               "lib/http/bun-serve-lifecycle.ts",
+               "lib/http/bun-serve-shape.ts",
+               "lib/http/host-lineage.ts",
+               "lib/http/host-planes.ts",
+               "lib/http/portal-weave.ts",
+               "lib/operator-research/odds/connection-pool.ts",
+               "lib/operator-research/odds/odds-parser.ts",
+               "lib/operator-research/odds/odds-store.ts",
+               "lib/operator-research/odds/pipeline.ts",
+               "lib/operator-research/odds/types.ts",
+               "lib/surfaces/inventory.ts",
+               "lib/verification/cloudflare-access-live.ts",
+             ],
+             "guardCalls": 0,
+             "references": 58,
+             "status": "covered",
+           },
+         },
+         "status": "covered",
+       },
+       "description": "Public edge FQDN (no scheme/path) — config/surfaces.toml host",
+       "domain": "surfaces",
+       "envName": "HOST_ID",
+       "glossaryConcepts": [],
+       "guard": "BRAND_GUARDS.isHostId",
+       "kind": "id",
+       "mint": [
+         "wire-input",
+         "system-internal",
+       ],
+       "module": "lib/types/branded/surfaces.ts",
+       "name": "HostId",
+       "shortName": "hostId",
+       "tiers": [
+         "as",
+         "try",
+         "parse",
+       ],
+       "tone": "info",
+       "validation": {
+         "flags": "",
+         "ingressNormalization": "trim",
+         "pattern": "^(?:[a-z0-9](?:[a-z0-9-]{0,61}[a-z0-9])?\.)+[a-z0-9-]{2,63}$",
+         "shape": "pattern",
+       },
+     },
+     {
+       "color": "#a371f7",
+       "colorKey": "purple",
+       "constructors": {
+         "as": "asApexDomainId",
+         "parse": "parseApexDomainId",
+         "try": "tryApexDomainId",
+       },
+       "coverage": {
+         "constructors": {
+           "as": 0,
+           "parse": 0,
+           "try": 0,
+         },
+         "files": [
+           "lib/http/host-planes.ts",
+           "lib/surfaces/inventory.ts",
+         ],
+         "guards": 0,
+         "references": 5,
+         "scopes": {
+           "projects": {
+             "constructionCalls": 0,
+             "files": [],
+             "guardCalls": 0,
+             "references": 0,
+             "status": "unused",
+           },
+           "spine": {
+             "constructionCalls": 0,
+             "files": [
+               "lib/http/host-planes.ts",
+               "lib/surfaces/inventory.ts",
+             ],
+             "guardCalls": 0,
+             "references": 5,
+             "status": "referenced-unconstructed",
+           },
+         },
+         "status": "referenced-unconstructed",
+       },
+       "description": "Zone apex FQDN (factory-wager.com) — split from HostId",
+       "domain": "surfaces",
+       "envName": "APEX_DOMAIN_ID",
+       "glossaryConcepts": [],
+       "guard": "BRAND_GUARDS.isApexDomainId",
+       "kind": "id",
+       "mint": [
+         "wire-input",
+         "system-internal",
+       ],
+       "module": "lib/types/branded/surfaces.ts",
+       "name": "ApexDomainId",
+       "shortName": "apexDomainId",
+       "tiers": [
+         "as",
+         "try",
+         "parse",
+       ],
+       "tone": "info",
+       "validation": {
+         "flags": "",
+         "ingressNormalization": "trim",
+         "pattern": "^(?:[a-z0-9](?:[a-z0-9-]{0,61}[a-z0-9])?\.)+[a-z0-9-]{2,63}$",
+         "shape": "pattern",
+       },
+     },
+     {
+       "color": "#a371f7",
+       "colorKey": "purple",
+       "constructors": {
+         "as": "asSubdomainId",
+         "parse": "parseSubdomainId",
+         "try": "trySubdomainId",
+       },
+       "coverage": {
+         "constructors": {
+           "as": 4,
+           "parse": 0,
+           "try": 0,
+         },
+         "files": [
+           "lib/http/host-planes.ts",
+           "lib/http/portal-weave.ts",
+           "lib/surfaces/inventory.ts",
+           "lib/verification/cloudflare-access-live.ts",
+         ],
+         "guards": 0,
+         "references": 10,
+         "scopes": {
+           "projects": {
+             "constructionCalls": 0,
+             "files": [],
+             "guardCalls": 0,
+             "references": 0,
+             "status": "unused",
+           },
+           "spine": {
+             "constructionCalls": 4,
+             "files": [
+               "lib/http/host-planes.ts",
+               "lib/http/portal-weave.ts",
+               "lib/surfaces/inventory.ts",
+               "lib/verification/cloudflare-access-live.ts",
+             ],
+             "guardCalls": 0,
+             "references": 10,
+             "status": "covered",
+           },
+         },
+         "status": "covered",
+       },
+       "description": "DNS labels under apex (score, www) or @ for bare apex host",
+       "domain": "surfaces",
+       "envName": "SUBDOMAIN_ID",
+       "glossaryConcepts": [],
+       "guard": "BRAND_GUARDS.isSubdomainId",
+       "kind": "id",
+       "mint": [
+         "wire-input",
+         "system-internal",
+       ],
+       "module": "lib/types/branded/surfaces.ts",
+       "name": "SubdomainId",
+       "shortName": "subdomainId",
+       "tiers": [
+         "as",
+         "try",
+         "parse",
+       ],
+       "tone": "info",
+       "validation": {
+         "flags": "",
+         "ingressNormalization": "trim",
+         "pattern": "^(?:@|(?:[a-z0-9](?:[a-z0-9-]{0,61}[a-z0-9])?)(?:\.(?:[a-z0-9](?:[a-z0-9-]{0,61}[a-z0-9])?))*)$",
+         "shape": "pattern",
+       },
+     },
+     {
+       "color": "#a371f7",
+       "colorKey": "purple",
+       "constructors": {
+         "as": "asSurfaceId",
+         "parse": "parseSurfaceId",
+         "try": "trySurfaceId",
+       },
+       "coverage": {
+         "constructors": {
+           "as": 3,
+           "parse": 1,
+           "try": 0,
+         },
+         "files": [
+           "lib/http/host-planes.ts",
+           "lib/surfaces/doctor-check.ts",
+           "lib/surfaces/inventory.ts",
+           "lib/verification/pages-edge-weave-subdomains.ts",
+           "scripts/bake-surfaces.ts",
+           "tools/lib/portal-cli-doctor-infra.ts",
+         ],
+         "guards": 0,
+         "references": 14,
+         "scopes": {
+           "projects": {
+             "constructionCalls": 0,
+             "files": [],
+             "guardCalls": 0,
+             "references": 0,
+             "status": "unused",
+           },
+           "spine": {
+             "constructionCalls": 4,
+             "files": [
+               "lib/http/host-planes.ts",
+               "lib/surfaces/doctor-check.ts",
+               "lib/surfaces/inventory.ts",
+               "lib/verification/pages-edge-weave-subdomains.ts",
+               "scripts/bake-surfaces.ts",
+               "tools/lib/portal-cli-doctor-infra.ts",
+             ],
+             "guardCalls": 0,
+             "references": 14,
+             "status": "covered",
+           },
+         },
+         "status": "covered",
+       },
+       "description": "Surface inventory key (ledger, score, pages_dev, …)",
+       "domain": "surfaces",
+       "envName": "SURFACE_ID",
+       "glossaryConcepts": [],
+       "guard": "BRAND_GUARDS.isSurfaceId",
+       "kind": "id",
+       "mint": [
+         "wire-input",
+         "system-internal",
+       ],
+       "module": "lib/types/branded/surfaces.ts",
+       "name": "SurfaceId",
+       "shortName": "surfaceId",
+       "tiers": [
+         "as",
+         "try",
+         "parse",
+       ],
+       "tone": "info",
+       "validation": {
+         "flags": "",
+         "ingressNormalization": "trim",
+         "pattern": "^[a-z][a-z0-9_]{0,62}$",
+         "shape": "pattern",
+       },
+     },
+     {
+       "color": "#a371f7",
+       "colorKey": "purple",
+       "constructors": {
+         "as": "asPagesProjectId",
+         "parse": "parsePagesProjectId",
+         "try": "tryPagesProjectId",
+       },
+       "coverage": {
+         "constructors": {
+           "as": 0,
+           "parse": 0,
+           "try": 0,
+         },
+         "files": [
+           "lib/http/host-planes.ts",
+           "lib/surfaces/inventory.ts",
+           "lib/verification/cloudflare-access-live.ts",
+         ],
+         "guards": 0,
+         "references": 9,
+         "scopes": {
+           "projects": {
+             "constructionCalls": 0,
+             "files": [],
+             "guardCalls": 0,
+             "references": 0,
+             "status": "unused",
+           },
+           "spine": {
+             "constructionCalls": 0,
+             "files": [
+               "lib/http/host-planes.ts",
+               "lib/surfaces/inventory.ts",
+               "lib/verification/cloudflare-access-live.ts",
+             ],
+             "guardCalls": 0,
+             "references": 9,
+             "status": "referenced-unconstructed",
+           },
+         },
+         "status": "referenced-unconstructed",
+       },
+       "description": "Cloudflare Pages project shortcode (project-r-score) — not operations ProjectId",
+       "domain": "surfaces",
+       "envName": "PAGES_PROJECT_ID",
+       "glossaryConcepts": [],
+       "guard": "BRAND_GUARDS.isPagesProjectId",
+       "kind": "id",
+       "mint": [
+         "wire-input",
+         "system-internal",
+       ],
+       "module": "lib/types/branded/surfaces.ts",
+       "name": "PagesProjectId",
+       "shortName": "pagesProjectId",
+       "tiers": [
+         "as",
+         "try",
+         "parse",
+       ],
+       "tone": "info",
+       "validation": {
+         "flags": "",
+         "ingressNormalization": "trim",
+         "pattern": "^[a-z0-9](?:[a-z0-9-]{0,61}[a-z0-9])?$",
+         "shape": "pattern",
+       },
+     },
+     {
+       "color": "#a371f7",
+       "colorKey": "purple",
+       "constructors": {
+         "as": "asAccessDomainId",
+         "parse": "parseAccessDomainId",
+         "try": "tryAccessDomainId",
+       },
+       "coverage": {
+         "constructors": {
+           "as": 4,
+           "parse": 0,
+           "try": 1,
+         },
+         "files": [
+           "lib/http/host-lineage.ts",
+           "lib/http/host-planes.ts",
+           "lib/surfaces/inventory.ts",
+           "lib/verification/cloudflare-access-live.ts",
+           "lib/verification/cloudflare-access-policy.ts",
+           "scripts/bake-surfaces.ts",
+         ],
+         "guards": 0,
+         "references": 19,
+         "scopes": {
+           "projects": {
+             "constructionCalls": 0,
+             "files": [],
+             "guardCalls": 0,
+             "references": 0,
+             "status": "unused",
+           },
+           "spine": {
+             "constructionCalls": 5,
+             "files": [
+               "lib/http/host-lineage.ts",
+               "lib/http/host-planes.ts",
+               "lib/surfaces/inventory.ts",
+               "lib/verification/cloudflare-access-live.ts",
+               "lib/verification/cloudflare-access-policy.ts",
+               "scripts/bake-surfaces.ts",
+             ],
+             "guardCalls": 0,
+             "references": 19,
+             "status": "covered",
+           },
+         },
+         "status": "covered",
+       },
+       "description": "Cloudflare Access app domain field (host or host/path)",
+       "domain": "surfaces",
+       "envName": "ACCESS_DOMAIN_ID",
+       "glossaryConcepts": [],
+       "guard": "BRAND_GUARDS.isAccessDomainId",
+       "kind": "id",
+       "mint": [
+         "wire-input",
+         "system-internal",
+       ],
+       "module": "lib/types/branded/surfaces.ts",
+       "name": "AccessDomainId",
+       "shortName": "accessDomainId",
+       "tiers": [
+         "as",
+         "try",
+         "parse",
+       ],
+       "tone": "info",
+       "validation": {
+         "flags": "",
+         "ingressNormalization": "trim",
+         "pattern": "(?:[a-z0-9](?:[a-z0-9-]{0,61}[a-z0-9])?\.)+[a-z0-9-]{2,63}(?:\/[A-Za-z0-9._~*+/-]+)?",
+         "shape": "pattern",
+       },
+     },
+     {
+       "color": "#a371f7",
+       "colorKey": "purple",
+       "constructors": {
+         "as": "asSurfaceStatusCode",
+         "parse": "parseSurfaceStatusCode",
+         "try": "trySurfaceStatusCode",
+       },
+       "coverage": {
+         "constructors": {
+           "as": 1,
+           "parse": 0,
+           "try": 0,
+         },
+         "files": [
+           "lib/surfaces/inventory.ts",
+           "scripts/bake-surfaces.ts",
+         ],
+         "guards": 0,
+         "references": 7,
+         "scopes": {
+           "projects": {
+             "constructionCalls": 0,
+             "files": [],
+             "guardCalls": 0,
+             "references": 0,
+             "status": "unused",
+           },
+           "spine": {
+             "constructionCalls": 1,
+             "files": [
+               "lib/surfaces/inventory.ts",
+               "scripts/bake-surfaces.ts",
+             ],
+             "guardCalls": 0,
+             "references": 7,
+             "status": "covered",
+           },
+         },
+         "status": "covered",
+       },
+       "description": "Surface status vocabulary (live|vanity|broken|dangling|staged|placeholder|external|retired)",
+       "domain": "surfaces",
+       "envName": "SURFACE_STATUS_CODE",
+       "glossaryConcepts": [],
+       "guard": "BRAND_GUARDS.isSurfaceStatusCode",
+       "kind": "code",
+       "mint": [
+         "wire-input",
+         "system-internal",
+       ],
+       "module": "lib/types/branded/surfaces.ts",
+       "name": "SurfaceStatusCode",
+       "shortName": "surfaceStatusCode",
+       "tiers": [
+         "as",
+         "try",
+         "parse",
+       ],
+       "tone": "info",
+       "validation": {
+         "flags": "",
+         "ingressNormalization": "trim",
+         "pattern": "^(?:live|vanity|broken|dangling|staged|placeholder|external|retired)$",
+         "shape": "pattern",
+       },
+     },
+     {
+       "color": "#a371f7",
+       "colorKey": "purple",
+       "constructors": {
+         "as": "asSurfaceAccessCode",
+         "parse": "parseSurfaceAccessCode",
+         "try": "trySurfaceAccessCode",
+       },
+       "coverage": {
+         "constructors": {
+           "as": 2,
+           "parse": 0,
+           "try": 0,
+         },
+         "files": [
+           "lib/surfaces/inventory.ts",
+         ],
+         "guards": 0,
+         "references": 7,
+         "scopes": {
+           "projects": {
+             "constructionCalls": 0,
+             "files": [],
+             "guardCalls": 0,
+             "references": 0,
+             "status": "unused",
+           },
+           "spine": {
+             "constructionCalls": 2,
+             "files": [
+               "lib/surfaces/inventory.ts",
+             ],
+             "guardCalls": 0,
+             "references": 7,
+             "status": "covered",
+           },
+         },
+         "status": "covered",
+       },
+       "description": "Surface Access posture (public|allowlist|applied|staged|bearer (intended)|…)",
+       "domain": "surfaces",
+       "envName": "SURFACE_ACCESS_CODE",
+       "glossaryConcepts": [],
+       "guard": "BRAND_GUARDS.isSurfaceAccessCode",
+       "kind": "code",
+       "mint": [
+         "wire-input",
+         "system-internal",
+       ],
+       "module": "lib/types/branded/surfaces.ts",
+       "name": "SurfaceAccessCode",
+       "shortName": "surfaceAccessCode",
+       "tiers": [
+         "as",
+         "try",
+         "parse",
+       ],
+       "tone": "info",
+       "validation": {
+         "flags": "",
+         "ingressNormalization": "trim",
+         "pattern": "^(?:public|allowlist|applied|staged|bearer \(intended\)|external|none)$",
+         "shape": "pattern",
+       },
+     },
+     {
+       "color": "#a371f7",
+       "colorKey": "purple",
+       "constructors": {
+         "as": "asSurfaceBackendCode",
+         "parse": "parseSurfaceBackendCode",
+         "try": "trySurfaceBackendCode",
+       },
+       "coverage": {
+         "constructors": {
+           "as": 0,
+           "parse": 0,
+           "try": 0,
+         },
+         "files": [
+           "lib/surfaces/inventory.ts",
+         ],
+         "guards": 0,
+         "references": 4,
+         "scopes": {
+           "projects": {
+             "constructionCalls": 0,
+             "files": [],
+             "guardCalls": 0,
+             "references": 0,
+             "status": "unused",
+           },
+           "spine": {
+             "constructionCalls": 0,
+             "files": [
+               "lib/surfaces/inventory.ts",
+             ],
+             "guardCalls": 0,
+             "references": 4,
+             "status": "referenced-unconstructed",
+           },
+         },
+         "status": "referenced-unconstructed",
+       },
+       "description": "Backend family shortcode (cloudflare-pages|cloudflare-worker|cloudflared|github-pages|helpscout|none|unknown)",
+       "domain": "surfaces",
+       "envName": "SURFACE_BACKEND_CODE",
+       "glossaryConcepts": [],
+       "guard": "BRAND_GUARDS.isSurfaceBackendCode",
+       "kind": "code",
+       "mint": [
+         "wire-input",
+         "system-internal",
+       ],
+       "module": "lib/types/branded/surfaces.ts",
+       "name": "SurfaceBackendCode",
+       "shortName": "surfaceBackendCode",
+       "tiers": [
+         "as",
+         "try",
+         "parse",
+       ],
+       "tone": "info",
+       "validation": {
+         "flags": "",
+         "ingressNormalization": "trim",
+         "pattern": "^(?:cloudflare-pages|cloudflare-worker|cloudflared|github-pages|helpscout|none|unknown)$",
+         "shape": "pattern",
+       },
+     },
+     {
+       "color": "#a371f7",
+       "colorKey": "purple",
+       "constructors": {
+         "as": "asPublishLaneId",
+         "parse": "parsePublishLaneId",
+         "try": "tryPublishLaneId",
+       },
+       "coverage": {
+         "constructors": {
+           "as": 1,
+           "parse": 0,
+           "try": 0,
+         },
+         "files": [
+           "lib/surfaces/inventory.ts",
+         ],
+         "guards": 0,
+         "references": 2,
+         "scopes": {
+           "projects": {
+             "constructionCalls": 0,
+             "files": [],
+             "guardCalls": 0,
+             "references": 0,
+             "status": "unused",
+           },
+           "spine": {
+             "constructionCalls": 1,
+             "files": [
+               "lib/surfaces/inventory.ts",
+             ],
+             "guardCalls": 0,
+             "references": 2,
+             "status": "covered",
+           },
+         },
+         "status": "covered",
+       },
+       "description": "Publish-lane shortcode (prod-write, local-gateway, local-npm) — ADR-0002",
+       "domain": "surfaces",
+       "envName": "PUBLISH_LANE_ID",
+       "glossaryConcepts": [],
+       "guard": "BRAND_GUARDS.isPublishLaneId",
+       "kind": "id",
+       "mint": [
+         "wire-input",
+         "system-internal",
+       ],
+       "module": "lib/types/branded/surfaces.ts",
+       "name": "PublishLaneId",
+       "shortName": "publishLaneId",
+       "tiers": [
+         "as",
+         "try",
+         "parse",
+       ],
+       "tone": "info",
+       "validation": {
+         "flags": "",
+         "ingressNormalization": "trim",
+         "pattern": "^[a-z][a-z0-9-]{0,62}$",
+         "shape": "pattern",
+       },
+     },
+   ],
+   "domains": [
+     {
+       "brandCount": 8,
+       "color": "#f0883e",
+       "colorKey": "orange",
+       "module": "lib/types/branded/audit.ts",
+       "name": "audit",
+       "tone": "warn",
+     },
+     {
+       "brandCount": 1,
+       "color": "#d29922",
+       "colorKey": "yellow",
+       "module": "lib/types/branded/deployment.ts",
+       "name": "deployment",
+       "tone": "warn",
+     },
+     {
+       "brandCount": 3,
+       "color": "#3fb950",
+       "colorKey": "green",
+       "module": "lib/types/branded/documents.ts",
+       "name": "documents",
+       "tone": "ok",
+     },
+     {
+       "brandCount": 13,
+       "color": "#db6d28",
+       "colorKey": "orange",
+       "module": "lib/types/branded/governance.ts",
+       "name": "governance",
+       "tone": "warn",
+     },
+     {
+       "brandCount": 6,
+       "color": "#a371f7",
+       "colorKey": "purple",
+       "module": "lib/types/branded/identity.ts",
+       "name": "identity",
+       "tone": "info",
+     },
+     {
+       "brandCount": 39,
+       "color": "#58a6ff",
+       "colorKey": "accent",
+       "module": "lib/types/branded/operations.ts",
+       "name": "operations",
+       "tone": "info",
+     },
+     {
+       "brandCount": 6,
+       "color": "#3fb950",
+       "colorKey": "green",
+       "module": "lib/types/branded/portal.ts",
+       "name": "portal",
+       "tone": "ok",
+     },
+     {
+       "brandCount": 2,
+       "color": "#f85149",
+       "colorKey": "red",
+       "module": "lib/types/branded/security.ts",
+       "name": "security",
+       "tone": "bad",
+     },
+     {
+       "brandCount": 5,
+       "color": "#58a6ff",
+       "colorKey": "accent",
+       "module": "lib/types/branded/session.ts",
+       "name": "session",
+       "tone": "info",
+     },
+     {
+       "brandCount": 10,
+       "color": "#a371f7",
+       "colorKey": "purple",
+       "module": "lib/types/branded/surfaces.ts",
+       "name": "surfaces",
+       "tone": "info",
+     },
+   ],
+   "generatedAt": "2026-08-07T07:36:39.281Z",
    "governance": {
+     "catalog": "bun tools/brand-catalog.ts [domain|BrandName]",
+     "constructorTiers": [
+       {
+         "tier": "as",
+         "use": "required trusted interior value or owned mint",
+       },
+       {
+         "tier": "try",
+         "use": "optional config or soft merge; blank becomes undefined",
+       },
+       {
+         "tier": "parse",
+         "use": "wire, JSON, CLI, form, or environment ingress",
+       },
+       {
+         "tier": "guard",
+         "use": "narrow an already-canonical unknown value; does not prove provenance",
+       },
+     ],
+     "coverage": "bun tools/brand-coverage.ts --attention",
+     "rule": "Domain identities are branded after the wire boundary; new bare-string IDs fail the staged strict gate.",
      "stagedGate": "bun tools/branded-id-check.ts --staged --strict",
    },
    "kind": "brand-keymap",
    "path": "/registry/brand-keymap.json",
+   "projects": [
+     {
+       "brandedFiles": 0,
+       "brands": [],
+       "constructorCalls": 0,
+       "guardCalls": 0,
+       "localBrandTypes": [],
+       "project": "projects/active/dashboards/quantum-terminal-dashboard",
+       "sourceFiles": 26,
+       "status": "governed-no-usage",
+     },
+     {
+       "brandedFiles": 0,
+       "brands": [],
+       "constructorCalls": 0,
+       "guardCalls": 0,
+       "localBrandTypes": [],
+       "project": "projects/active/enterprise/fantasy42-fire22-registry",
+       "sourceFiles": 1118,
+       "status": "governed-no-usage",
+     },
+     {
+       "brandedFiles": 0,
+       "brands": [],
+       "constructorCalls": 0,
+       "guardCalls": 0,
+       "localBrandTypes": [],
+       "project": "projects/active/utilities/bun-toml-secrets-editor",
+       "sourceFiles": 224,
+       "status": "governed-no-usage",
+     },
+     {
+       "brandedFiles": 0,
+       "brands": [],
+       "constructorCalls": 0,
+       "guardCalls": 0,
+       "localBrandTypes": [],
+       "project": "projects/active/enterprise/bet-ticker-worker-v1.1",
+       "sourceFiles": 0,
+       "status": "external-or-untracked",
+     },
+     {
+       "brandedFiles": 0,
+       "brands": [],
+       "constructorCalls": 0,
+       "guardCalls": 0,
+       "localBrandTypes": [],
+       "project": "projects/active/dashboards/enterprise-dashboard",
+       "sourceFiles": 190,
+       "status": "governed-no-usage",
+     },
+     {
+       "brandedFiles": 0,
+       "brands": [],
+       "constructorCalls": 0,
+       "guardCalls": 0,
+       "localBrandTypes": [],
+       "project": "projects/experimental/api-plive-setup-discovery",
+       "sourceFiles": 100,
+       "status": "governed-no-usage",
+     },
+     {
+       "brandedFiles": 0,
+       "brands": [],
+       "constructorCalls": 0,
+       "guardCalls": 0,
+       "localBrandTypes": [],
+       "project": "projects/active/automation/enhancements-1.0.01",
+       "sourceFiles": 2,
+       "status": "governed-no-usage",
+     },
+     {
+       "brandedFiles": 0,
+       "brands": [],
+       "constructorCalls": 0,
+       "guardCalls": 0,
+       "localBrandTypes": [],
+       "project": "projects/experimental/keyboard-shortcuts-lite",
+       "sourceFiles": 7,
+       "status": "governed-no-usage",
+     },
+     {
+       "brandedFiles": 0,
+       "brands": [],
+       "constructorCalls": 0,
+       "guardCalls": 0,
+       "localBrandTypes": [],
+       "project": "projects/active/enterprise/full-stack-bun.io",
+       "sourceFiles": 193,
+       "status": "governed-no-usage",
+     },
+     {
+       "brandedFiles": 0,
+       "brands": [],
+       "constructorCalls": 0,
+       "guardCalls": 0,
+       "localBrandTypes": [],
+       "project": "projects/active/dashboards/secrets-dashboard",
+       "sourceFiles": 1,
+       "status": "governed-no-usage",
+     },
+     {
+       "brandedFiles": 0,
+       "brands": [],
+       "constructorCalls": 0,
+       "guardCalls": 0,
+       "localBrandTypes": [],
+       "project": "projects/active/utilities/bun-file-analyzer",
+       "sourceFiles": 75,
+       "status": "governed-no-usage",
+     },
+     {
+       "brandedFiles": 0,
+       "brands": [],
+       "constructorCalls": 0,
+       "guardCalls": 0,
+       "localBrandTypes": [],
+       "project": "projects/active/utilities/shortcut-registry",
+       "sourceFiles": 30,
+       "status": "governed-no-usage",
+     },
+     {
+       "brandedFiles": 0,
+       "brands": [],
+       "constructorCalls": 0,
+       "guardCalls": 0,
+       "localBrandTypes": [],
+       "project": "projects/active/enterprise/cascade-mover-v3",
+       "sourceFiles": 0,
+       "status": "external-or-untracked",
+     },
+     {
+       "brandedFiles": 0,
+       "brands": [],
+       "constructorCalls": 0,
+       "guardCalls": 0,
+       "localBrandTypes": [],
+       "project": "projects/active/development/kal-poly-bot",
+       "sourceFiles": 269,
+       "status": "governed-no-usage",
+     },
+     {
+       "brandedFiles": 0,
+       "brands": [],
+       "constructorCalls": 0,
+       "guardCalls": 0,
+       "localBrandTypes": [],
+       "project": "projects/active/analysis/matrix-analysis",
+       "sourceFiles": 683,
+       "status": "governed-no-usage",
+     },
+     {
+       "brandedFiles": 0,
+       "brands": [],
+       "constructorCalls": 0,
+       "guardCalls": 0,
+       "localBrandTypes": [],
+       "project": "projects/active/tools/native-addon-tool",
+       "sourceFiles": 2,
+       "status": "governed-no-usage",
+     },
+     {
+       "brandedFiles": 0,
+       "brands": [],
+       "constructorCalls": 0,
+       "guardCalls": 0,
+       "localBrandTypes": [],
+       "project": "projects/active/analysis/grok-security",
+       "sourceFiles": 91,
+       "status": "governed-no-usage",
+     },
+     {
+       "brandedFiles": 0,
+       "brands": [],
+       "constructorCalls": 0,
+       "guardCalls": 0,
+       "localBrandTypes": [],
+       "project": "projects/active/enterprise/foxy-proxy",
+       "sourceFiles": 86,
+       "status": "governed-no-usage",
+     },
+     {
+       "brandedFiles": 0,
+       "brands": [],
+       "constructorCalls": 0,
+       "guardCalls": 0,
+       "localBrandTypes": [],
+       "project": "projects/experimental/rust-bun-plugin",
+       "sourceFiles": 2,
+       "status": "governed-no-usage",
+     },
+     {
+       "brandedFiles": 0,
+       "brands": [],
+       "constructorCalls": 0,
+       "guardCalls": 0,
+       "localBrandTypes": [
+         "ItemId",
+         "VaultId",
+       ],
+       "project": "projects/active/utilities/proton-pass",
+       "sourceFiles": 10,
+       "status": "local-pattern",
+     },
+     {
+       "brandedFiles": 0,
+       "brands": [],
+       "constructorCalls": 0,
+       "guardCalls": 0,
+       "localBrandTypes": [],
+       "project": "projects/active/development/geelark",
+       "sourceFiles": 200,
+       "status": "governed-no-usage",
+     },
+     {
+       "brandedFiles": 0,
+       "brands": [],
+       "constructorCalls": 0,
+       "guardCalls": 0,
+       "localBrandTypes": [],
+       "project": "projects/experimental/cli-dashboard",
+       "sourceFiles": 2,
+       "status": "governed-no-usage",
+     },
+     {
+       "brandedFiles": 0,
+       "brands": [],
+       "constructorCalls": 0,
+       "guardCalls": 0,
+       "localBrandTypes": [],
+       "project": "projects/active/utilities/toml-cli",
+       "sourceFiles": 50,
+       "status": "governed-no-usage",
+     },
+     {
+       "brandedFiles": 0,
+       "brands": [],
+       "constructorCalls": 0,
+       "guardCalls": 0,
+       "localBrandTypes": [],
+       "project": "projects/experimental/zig-self-bun",
+       "sourceFiles": 32,
+       "status": "governed-no-usage",
+     },
+     {
+       "brandedFiles": 1,
+       "brands": [
+         "RequestId",
+       ],
+       "constructorCalls": 2,
+       "guardCalls": 0,
+       "localBrandTypes": [],
+       "project": "projects/active/sports-terminal-os",
+       "sourceFiles": 178,
+       "status": "adopted",
+     },
+     {
+       "brandedFiles": 0,
+       "brands": [],
+       "constructorCalls": 0,
+       "guardCalls": 0,
+       "localBrandTypes": [],
+       "project": "projects/experimental/edge-worker",
+       "sourceFiles": 2,
+       "status": "governed-no-usage",
+     },
+     {
+       "brandedFiles": 0,
+       "brands": [],
+       "constructorCalls": 0,
+       "guardCalls": 0,
+       "localBrandTypes": [],
+       "project": "projects/active/analysis/scanner",
+       "sourceFiles": 58,
+       "status": "governed-no-usage",
+     },
+     {
+       "brandedFiles": 0,
+       "brands": [],
+       "constructorCalls": 0,
+       "guardCalls": 0,
+       "localBrandTypes": [],
+       "project": "projects/active/playwriter-skill",
+       "sourceFiles": 2,
+       "status": "governed-no-usage",
+     },
+     {
+       "brandedFiles": 0,
+       "brands": [],
+       "constructorCalls": 0,
+       "guardCalls": 0,
+       "localBrandTypes": [],
+       "project": "projects/experimental/my-bun-app",
+       "sourceFiles": 2,
+       "status": "governed-no-usage",
+     },
+     {
+       "brandedFiles": 0,
+       "brands": [],
+       "constructorCalls": 0,
+       "guardCalls": 0,
+       "localBrandTypes": [],
+       "project": "projects/experimental/codepoint",
+       "sourceFiles": 142,
+       "status": "governed-no-usage",
+     },
+     {
+       "brandedFiles": 0,
+       "brands": [],
+       "constructorCalls": 0,
+       "guardCalls": 0,
+       "localBrandTypes": [],
+       "project": "projects/experimental/tan-bun",
+       "sourceFiles": 46,
+       "status": "governed-no-usage",
+     },
+     {
+       "brandedFiles": 0,
+       "brands": [],
+       "constructorCalls": 0,
+       "guardCalls": 0,
+       "localBrandTypes": [],
+       "project": "projects/experimental/testing",
+       "sourceFiles": 72,
+       "status": "governed-no-usage",
+     },
+     {
+       "brandedFiles": 0,
+       "brands": [],
+       "constructorCalls": 0,
+       "guardCalls": 0,
+       "localBrandTypes": [],
+       "project": "projects/active/f402-openapi",
+       "sourceFiles": 0,
+       "status": "external-or-untracked",
+     },
+     {
+       "brandedFiles": 0,
+       "brands": [],
+       "constructorCalls": 0,
+       "guardCalls": 0,
+       "localBrandTypes": [],
+       "project": "projects/active/factorywager",
+       "sourceFiles": 75,
+       "status": "governed-no-usage",
+     },
+     {
+       "brandedFiles": 0,
+       "brands": [],
+       "constructorCalls": 0,
+       "guardCalls": 0,
+       "localBrandTypes": [],
+       "project": "projects/experimental/2048",
+       "sourceFiles": 95,
+       "status": "governed-no-usage",
+     },
+   ],
    "schemaVersion": 1,
    "sources": {
+     "catalog": "lib/types/branded/index.ts#BRAND_CATALOG",
      "colorKernel": "public/portal/theme.jsonc",
+     "coverage": "tools/brand-coverage.ts",
      "domainGlossary": "public/registry/domain-glossary.json",
+     "manifest": "lib/types/brand-manifest.json",
+     "stableImport": "lib/types/branded.ts",
    },
    "summary": {
-     "brands": 82,
+     "adoptedProjects": 2,
+     "brands": 93,
+     "canonicalProjects": 1,
+     "cataloguedProjects": 35,
+     "codes": 19,
+     "covered": 70,
      "domains": 10,
+     "glossaryLinked": 3,
+     "ids": 71,
+     "keys": 3,
+     "localPatternProjects": 1,
+     "referencedUnconstructed": 7,
+     "trackedProjects": 32,
+     "unused": 16,
    },
  }

- Expected  - 1
+ Received  + 6813

      at <anonymous> (/Users/nolarose/Projects/.worktrees/lane-status-tdz/tests/brands-portal.test.ts:10:21)
(fail) brand keymap portal > registry artifact exposes glossary, governance, and project adoption [2.84ms]

 0 pass
 4 filtered out
 1 fail
 1 expect() calls
Ran 1 test across 1 file. [42.00ms]
