{
  "timestamp": "2026-01-13T17:00:57.069Z",
  "environment": "production",
  "performance": {
    "averageMs": 1.0869167500000074,
    "minMs": 0.07150000000001455,
    "maxMs": 4.110958000000011,
    "memoryUsage": {
      "rss": 58228736,
      "heapTotal": 2917376,
      "heapUsed": 215155,
      "external": 30147,
      "arrayBuffers": 0
    }
  },
  "sla": {
    "compliant": true,
    "target": "<500ms",
    "actual": "1.09ms"
  }
}